,,,,,2026 Batter Projections,,,,,,,2026 Pitcher Projections,,,,,,
Value,Player,Age,Team,Pos,G,AB,AVG,HR,RBI,SB,R,GS,IP,W,SV,K,ERA,WHIP
51.603626,Shohei Ohtani,32,LAD,DH,151,568,.296,50,105,31,126,25,137.0,9,0,161,3.28,1.022
46.90815,Aaron Judge,34,NYY,OF/DH,149,520,.312,52,117,9,120,0,0.0,0,0,0,0.00,0.000
44.104221,Tarik Skubal,30,DET,SP,30,0,.000,0,0,0,0,30,190.0,15,0,232,2.37,0.900
39.021965,Bobby Witt,26,KC,SS,156,608,.303,27,93,36,103,0,0.0,0,0,0,0.00,0.000
38.726837,Paul Skenes,24,PIT,SP,30,0,.000,0,0,0,0,30,186.0,11,0,224,1.98,0.957
37.402332,Jose Ramirez,34,CLE,3B/DH,155,586,.283,30,92,37,100,0,0.0,0,0,0,0.00,0.000
37.189407,Juan Soto,28,NYM,OF,156,545,.275,38,102,21,111,0,0.0,0,0,0,0.00,0.000
30.963722,Ronald Acuna,29,ATL,OF,152,564,.278,28,71,32,110,0,0.0,0,0,0,0.00,0.000
29.688396,Corbin Carroll,26,ARI,OF,144,542,.256,26,74,37,107,0,0.0,0,0,0,0.00,0.000
29.157248,Kyle Schwarber,33,PHI,DH,152,551,.232,45,108,6,103,0,0.0,0,0,0,0.00,0.000
29.034342,Elly De La Cruz,24,CIN,SS,148,566,.256,21,72,47,94,0,0.0,0,0,0,0.00,0.000
28.821007,Garrett Crochet,27,BOS,SP,29,0,.000,0,0,0,0,29,180.0,14,0,219,3.10,1.056
28.604446,Julio Rodriguez,26,SEA,OF,152,600,.270,27,85,29,92,0,0.0,0,0,0,0.00,0.000
28.190899,Francisco Lindor,33,NYM,SS,155,599,.265,28,84,25,102,0,0.0,0,0,0,0.00,0.000
27.507456,Kyle Tucker,29,LAD,OF,143,524,.273,29,85,23,93,0,0.0,0,0,0,0.00,0.000
25.440792,Trea Turner,33,PHI,SS,144,576,.293,20,69,29,94,0,0.0,0,0,0,0.00,0.000
25.431946,Nick Kurtz,23,ATH,1B,140,510,.271,37,91,4,100,0,0.0,0,0,0,0.00,0.000
25.247633,Vladimir Guerrero,27,TOR,1B/DH,155,585,.294,29,96,4,94,0,0.0,0,0,0,0.00,0.000
25.011581,Yoshinobu Yamamoto,28,LAD,SP,27,0,.000,0,0,0,0,27,160.0,12,0,186,2.70,1.044
24.848818,Pete Crow-Armstrong,24,CHC,OF,146,556,.239,22,84,37,86,0,0.0,0,0,0,0.00,0.000
24.596132,Gunnar Henderson,25,BAL,SS,154,586,.271,25,78,22,98,0,0.0,0,0,0,0.00,0.000
24.33066,Chris Sale,37,ATL,SP,26,0,.000,0,0,0,0,26,160.0,12,0,204,2.93,1.069
24.251194,Ketel Marte,33,ARI,2B/DH,144,545,.283,32,87,6,97,0,0.0,0,0,0,0.00,0.000
24.191204,Cal Raleigh,30,SEA,C/DH,153,542,.232,42,100,7,87,0,0.0,0,0,0,0.00,0.000
23.922329,Fernando Tatis,27,SD,OF,145,564,.268,26,71,25,96,0,0.0,0,0,0,0.00,0.000
23.717995,Bryan Woo,26,SEA,SP,30,0,.000,0,0,0,0,30,182.0,13,0,179,3.31,1.022
23.66441,Jazz Chisholm,28,NYY,2B/3B,141,524,.246,28,77,33,76,0,0.0,0,0,0,0.00,0.000
23.306309,Jackson Chourio,22,MIL,OF,145,577,.270,22,83,23,89,0,0.0,0,0,0,0.00,0.000
23.304037,Pete Alonso,32,BAL,1B,155,582,.247,37,108,2,86,0,0.0,0,0,0,0.00,0.000
22.764021,Brent Rooker,32,ATH,OF/DH,150,566,.269,33,94,7,83,0,0.0,0,0,0,0.00,0.000
22.712776,Junior Caminero,23,TB,3B,149,580,.260,34,94,8,84,0,0.0,0,0,0,0.00,0.000
22.618788,Christian Yelich,35,MIL,DH,138,516,.277,21,82,23,84,0,0.0,0,0,0,0.00,0.000
22.556252,Cristopher Sanchez,30,PHI,SP,29,0,.000,0,0,0,0,29,186.0,13,0,178,3.00,1.113
22.52195,Freddy Peralta,30,NYM,SP,29,0,.000,0,0,0,0,29,169.0,14,0,199,3.25,1.124
22.373163,Jacob deGrom,38,TEX,SP,27,0,.000,0,0,0,0,27,160.0,7,0,188,2.64,0.969
22.363567,Josh Naylor,29,SEA,1B/DH,144,545,.275,22,96,18,74,0,0.0,0,0,0,0.00,0.000
22.073004,Freddie Freeman,37,LAD,1B,144,548,.299,24,84,11,83,0,0.0,0,0,0,0.00,0.000
21.92243,Roman Anthony,22,BOS,OF,152,563,.281,26,79,12,95,0,0.0,0,0,0,0.00,0.000
21.639818,Manny Machado,34,SD,3B,146,577,.270,28,94,10,80,0,0.0,0,0,0,0.00,0.000
20.651041,Max Fried,32,NYY,SP,29,0,.000,0,0,0,0,29,181.0,14,0,176,3.18,1.144
20.361492,Hunter Brown,28,HOU,SP,32,0,.000,0,0,0,0,32,195.0,13,0,216,3.42,1.185
20.286049,Logan Gilbert,29,SEA,SP,28,0,.000,0,0,0,0,28,166.0,10,0,192,3.47,0.994
20.053192,Bryce Harper,34,PHI,1B,144,530,.275,27,82,11,83,0,0.0,0,0,0,0.00,0.000
19.701689,Matt Olson,32,ATL,1B,155,580,.248,30,101,1,93,0,0.0,0,0,0,0.00,0.000
19.208834,Cole Ragans,29,KC,SP,30,0,.000,0,0,0,0,30,174.0,12,0,223,3.57,1.155
19.079975,Nick Pivetta,33,SD,SP,29,0,.000,0,0,0,0,29,173.0,11,0,199,3.59,1.064
18.825972,Mookie Betts,34,LAD,SS,142,550,.275,21,81,11,93,0,0.0,0,0,0,0.00,0.000
18.591305,CJ Abrams,26,WSH,SS,141,547,.250,19,62,34,83,0,0.0,0,0,0,0.00,0.000
18.506712,Zach Neto,25,LAA,SS,151,576,.247,24,73,24,83,0,0.0,0,0,0,0.00,0.000
18.494013,Framber Valdez,33,DET,SP,30,0,.000,0,0,0,0,30,188.2,13,0,184,3.34,1.166
18.378563,James Wood,24,WSH,OF/DH,148,552,.257,23,80,19,79,0,0.0,0,0,0,0.00,0.000
18.170431,Logan Webb,30,SF,SP,30,0,.000,0,0,0,0,30,194.0,13,0,186,3.29,1.191
18.082088,Ryan Pepiot,29,TB,SP,30,0,.000,0,0,0,0,30,166.0,12,0,166,3.42,1.060
17.998007,Eugenio Suarez,35,CIN,3B,154,565,.239,35,92,3,83,0,0.0,0,0,0,0.00,0.000
17.940279,Willy Adames,31,SF,SS,153,571,.231,28,90,13,85,0,0.0,0,0,0,0.00,0.000
17.907978,Joe Ryan,30,MIN,SP,29,0,.000,0,0,0,0,29,172.0,11,0,196,3.77,1.052
17.434055,Rafael Devers,30,SF,1B/DH,145,533,.257,29,89,3,85,0,0.0,0,0,0,0.00,0.000
17.315512,Jarren Duran,30,BOS,OF,139,538,.277,14,67,27,79,0,0.0,0,0,0,0.00,0.000
17.254236,Nathan Eovaldi,36,TEX,SP,26,0,.000,0,0,0,0,26,159.0,11,0,154,3.45,1.000
17.186262,Brice Turang,27,MIL,2B,149,561,.260,12,64,35,80,0,0.0,0,0,0,0.00,0.000
17.143105,George Springer,37,TOR,OF/DH,132,504,.266,24,68,16,86,0,0.0,0,0,0,0.00,0.000
17.132586,Cody Bellinger,31,NYY,OF,136,526,.268,21,82,14,78,0,0.0,0,0,0,0.00,0.000
17.064247,Randy Arozarena,31,SEA,OF,153,570,.235,23,71,24,88,0,0.0,0,0,0,0.00,0.000
16.505981,Kevin Gausman,35,TOR,SP,29,0,.000,0,0,0,0,29,181.0,12,0,186,3.58,1.138
16.433146,Geraldo Perdomo,27,ARI,SS,151,548,.272,12,74,19,93,0,0.0,0,0,0,0.00,0.000
16.404917,Drew Rasmussen,31,TB,SP,29,0,.000,0,0,0,0,29,153.0,10,0,151,2.94,1.065
16.202599,Mason Miller,28,SD,RP,62,0,.000,0,0,0,0,0,66.0,4,33,80,2.59,1.000
16.006109,Sonny Gray,37,BOS,SP,29,0,.000,0,0,0,0,29,174.0,13,0,195,3.78,1.161
15.956062,Seiya Suzuki,32,CHC,OF/DH,137,514,.267,25,82,10,71,0,0.0,0,0,0,0.00,0.000
15.942081,Riley Greene,26,DET,OF/DH,147,559,.265,26,83,5,81,0,0.0,0,0,0,0.00,0.000
15.884606,Jackson Merrill,23,SD,OF,140,557,.271,22,85,8,76,0,0.0,0,0,0,0.00,0.000
15.655279,Zack Wheeler,36,PHI,SP,20,0,.000,0,0,0,0,20,121.0,9,0,144,2.83,0.959
15.564912,Edwin Diaz,32,LAD,RP,65,0,.000,0,0,0,0,0,66.0,6,31,83,3.00,1.061
15.549053,Shota Imanaga,33,CHC,SP,25,0,.000,0,0,0,0,25,152.0,11,0,136,3.38,1.000
15.4309,Yordan Alvarez,29,HOU,DH,138,502,.281,26,81,5,69,0,0.0,0,0,0,0.00,0.000
15.425184,Michael King,31,SD,SP,28,0,.000,0,0,0,0,28,159.0,11,0,177,3.11,1.176
15.285934,Nolan McLean,25,NYM,SP,26,0,.000,0,0,0,0,26,152.0,11,0,152,3.02,1.118
15.22904,Byron Buxton,33,MIN,OF,123,474,.251,26,71,14,79,0,0.0,0,0,0,0.00,0.000
15.217196,Andres Munoz,27,SEA,RP,64,0,.000,0,0,0,0,0,64.0,4,38,71,2.95,1.109
14.63455,Dansby Swanson,32,CHC,SS,153,570,.244,21,75,17,83,0,0.0,0,0,0,0.00,0.000
14.483406,Wyatt Langford,25,TEX,OF,142,524,.246,20,71,21,77,0,0.0,0,0,0,0.00,0.000
14.470531,Nico Hoerner,29,CHC,2B,146,556,.284,7,54,30,84,0,0.0,0,0,0,0.00,0.000
14.436773,Teoscar Hernandez,34,LAD,OF,133,520,.256,26,87,7,67,0,0.0,0,0,0,0.00,0.000
14.321274,Shohei Ohtani,32,LAD,P,151,568,.296,50,105,31,126,25,137.0,9,0,161,3.28,1.022
14.256353,Jose Altuve,36,HOU,2B/OF/DH,139,541,.277,20,62,14,83,0,0.0,0,0,0,0.00,0.000
14.114196,Jesus Luzardo,29,PHI,SP,28,0,.000,0,0,0,0,28,172.0,12,0,185,3.66,1.174
14.003422,Maikel Garcia,26,KC,3B,150,571,.264,10,65,28,78,0,0.0,0,0,0,0.00,0.000
13.998981,Brandon Nimmo,33,TEX,OF,147,560,.254,23,75,11,81,0,0.0,0,0,0,0.00,0.000
13.911933,Jhoan Duran,28,PHI,RP,68,0,.000,0,0,0,0,0,68.0,5,35,73,3.18,1.147
13.807395,William Contreras,29,MIL,C/DH,148,532,.274,18,76,7,86,0,0.0,0,0,0,0.00,0.000
13.799104,George Kirby,28,SEA,SP,28,0,.000,0,0,0,0,28,167.0,12,0,165,3.77,1.108
13.790808,Jeremy Pena,29,HOU,SS,140,552,.283,15,63,19,75,0,0.0,0,0,0,0.00,0.000
13.695297,Yandy Diaz,35,TB,1B/DH,145,553,.300,21,75,1,74,0,0.0,0,0,0,0.00,0.000
13.683905,Cade Smith,27,CLE,RP,70,0,.000,0,0,0,0,0,70.0,4,28,86,2.83,1.000
13.461285,Kyle Bradish,30,BAL,SP,25,0,.000,0,0,0,0,25,140.0,9,0,161,3.09,1.093
13.362226,Alex Bregman,32,CHC,3B,149,566,.267,23,79,2,84,0,0.0,0,0,0,0.00,0.000
13.263764,Brandon Woodruff,33,MIL,SP,23,0,.000,0,0,0,0,23,131.0,9,0,142,3.23,0.992
13.009252,Taylor Ward,33,BAL,OF,148,551,.240,27,82,5,80,0,0.0,0,0,0,0.00,0.000
12.954618,Austin Riley,29,ATL,3B,147,573,.260,25,76,3,83,0,0.0,0,0,0,0.00,0.000
12.881413,Corey Seager,32,TEX,SS,126,469,.279,26,70,4,72,0,0.0,0,0,0,0.00,0.000
12.84695,Devin Williams,32,NYM,RP,67,0,.000,0,0,0,0,0,65.0,5,31,76,3.18,1.077
12.77793,Christian Walker,35,HOU,1B,138,523,.247,26,86,4,72,0,0.0,0,0,0,0.00,0.000
12.76444,Tanner Bibee,27,CLE,SP,29,0,.000,0,0,0,0,29,177.0,12,0,172,3.66,1.181
12.711282,Michael Busch,29,CHC,1B,137,506,.245,27,77,6,77,0,0.0,0,0,0,0.00,0.000
12.685283,Cade Horton,25,CHC,SP,23,0,.000,0,0,0,0,23,129.0,11,0,106,2.65,1.078
12.529821,Ben Rice,27,NYY,C/1B/DH,136,489,.239,28,80,5,75,0,0.0,0,0,0,0.00,0.000
12.528672,Tyler Glasnow,33,LAD,SP,23,0,.000,0,0,0,0,23,136.0,8,0,168,3.38,1.044
12.261906,Blake Snell,34,LAD,SP,21,0,.000,0,0,0,0,21,123.0,9,0,156,2.63,1.163
12.168078,Andrew Abbott,27,CIN,SP,31,0,.000,0,0,0,0,31,179.0,12,0,165,3.37,1.235
11.960963,Vinnie Pasquantino,29,KC,1B/DH,146,557,.257,23,91,2,66,0,0.0,0,0,0,0.00,0.000
11.66015,Tatsuya Imai,28,HOU,SP,30,0,.000,0,0,0,0,30,170.0,9,0,159,3.43,1.124
11.628403,Bryson Stott,29,PHI,2B,140,515,.256,13,62,27,67,0,0.0,0,0,0,0.00,0.000
11.578382,Tyler Soderstrom,25,ATH,1B/OF,140,521,.257,23,77,6,72,0,0.0,0,0,0,0.00,0.000
11.569158,Ian Happ,32,CHC,OF,140,522,.241,21,76,10,80,0,0.0,0,0,0,0.00,0.000
11.520651,Bryan Reynolds,31,PIT,OF/DH,147,582,.258,21,79,7,72,0,0.0,0,0,0,0.00,0.000
11.497175,Brandon Lowe,32,PIT,2B,125,487,.244,26,75,7,72,0,0.0,0,0,0,0.00,0.000
11.162487,Raisel Iglesias,36,ATL,RP,66,0,.000,0,0,0,0,0,66.0,5,30,66,3.27,1.076
11.007409,Eury Perez,23,MIA,SP,27,0,.000,0,0,0,0,27,149.0,10,0,166,3.87,1.087
10.900014,Matt Chapman,33,SF,3B,146,532,.237,23,67,11,84,0,0.0,0,0,0,0.00,0.000
10.88959,Luis Castillo,34,SEA,SP,29,0,.000,0,0,0,0,29,175.0,11,0,163,3.65,1.177
10.843344,Luis Robert,29,NYM,OF,128,483,.232,20,59,26,66,0,0.0,0,0,0,0.00,0.000
10.810336,Colson Montgomery,24,CWS,SS,127,479,.236,27,80,4,71,0,0.0,0,0,0,0.00,0.000
10.658052,Ozzie Albies,29,ATL,2B,139,532,.254,18,74,12,71,0,0.0,0,0,0,0.00,0.000
10.593429,Kyle Stowers,28,MIA,OF,138,494,.241,26,86,6,56,0,0.0,0,0,0,0.00,0.000
10.180909,Andy Pages,26,LAD,OF,136,517,.259,20,69,9,73,0,0.0,0,0,0,0.00,0.000
10.125742,Jac Caglianone,23,KC,OF,139,513,.236,24,77,8,70,0,0.0,0,0,0,0.00,0.000
10.026521,Matthew Boyd,35,CHC,SP,27,0,.000,0,0,0,0,27,155.0,11,0,154,3.66,1.161
10.005596,Jakob Marsee,25,MIA,OF,134,497,.256,14,67,20,65,0,0.0,0,0,0,0.00,0.000
9.9509306,Michael Harris,25,ATL,OF,135,525,.263,18,65,16,62,0,0.0,0,0,0,0.00,0.000
9.8831301,Salvador Perez,36,KC,C/1B/DH,146,547,.250,27,90,0,53,0,0.0,0,0,0,0.00,0.000
9.8581553,Adolis Garcia,33,PHI,OF,131,501,.232,23,78,10,67,0,0.0,0,0,0,0.00,0.000
9.8290148,Shea Langeliers,29,ATH,C,133,487,.242,28,72,6,64,0,0.0,0,0,0,0.00,0.000
9.7632036,Daulton Varsho,30,TOR,OF,131,483,.230,24,73,10,71,0,0.0,0,0,0,0.00,0.000
9.723053,Trevor Story,34,BOS,SS,138,532,.241,16,65,24,62,0,0.0,0,0,0,0.00,0.000
9.7190065,Oneil Cruz,28,PIT,OF,123,461,.230,17,59,26,67,0,0.0,0,0,0,0.00,0.000
9.6456776,Aroldis Chapman,38,BOS,RP,60,0,.000,0,0,0,0,0,58.0,5,27,73,3.10,1.103
9.5480185,Steven Kwan,29,CLE,OF,147,570,.277,11,51,17,84,0,0.0,0,0,0,0.00,0.000
9.4025393,Bo Bichette,28,NYM,SS,141,563,.277,15,74,7,66,0,0.0,0,0,0,0.00,0.000
9.107255,Gleyber Torres,30,DET,2B,149,556,.259,18,68,6,81,0,0.0,0,0,0,0.00,0.000
9.0190725,Xavier Edwards,27,MIA,2B/SS,133,506,.279,7,46,28,70,0,0.0,0,0,0,0.00,0.000
8.9346361,Josh Hader,32,HOU,RP,54,0,.000,0,0,0,0,0,57.0,5,25,68,3.00,1.053
8.9238815,Marcus Semien,36,NYM,2B,139,525,.244,18,69,10,79,0,0.0,0,0,0,0.00,0.000
8.8978462,Drake Baldwin,25,ATL,C,128,458,.264,20,81,2,62,0,0.0,0,0,0,0.00,0.000
8.8448553,Munetaka Murakami,26,CWS,3B,130,457,.228,26,69,9,68,0,0.0,0,0,0,0.00,0.000
8.8004837,Ryan Helsley,32,BAL,RP,63,0,.000,0,0,0,0,0,64.0,5,31,67,3.52,1.219
8.7759275,Jeff Hoffman,33,TOR,RP,64,0,.000,0,0,0,0,0,63.0,5,27,71,3.43,1.111
8.5843964,Jo Adell,27,LAA,OF,138,507,.225,25,74,10,64,0,0.0,0,0,0,0.00,0.000
8.4905701,Dylan Cease,31,TOR,SP,29,0,.000,0,0,0,0,29,174.0,9,0,213,3.88,1.259
8.4380722,Brenton Doyle,28,COL,OF,138,518,.234,16,62,23,65,0,0.0,0,0,0,0.00,0.000
8.3304996,Jameson Taillon,35,CHC,SP,26,0,.000,0,0,0,0,26,156.0,12,0,124,3.81,1.135
8.3183851,Hunter Goodman,27,COL,C/DH,142,520,.233,22,83,6,63,0,0.0,0,0,0,0.00,0.000
8.2975731,Kenley Jansen,39,DET,RP,59,0,.000,0,0,0,0,0,59.0,4,32,57,3.51,1.136
8.2074814,Merrill Kelly,38,ARI,SP,29,0,.000,0,0,0,0,29,172.0,10,0,158,3.92,1.151
8.1179571,Clay Holmes,33,NYM,SP,29,0,.000,0,0,0,0,29,159.0,11,0,153,3.40,1.264
7.9975071,Ranger Suarez,31,BOS,SP,27,0,.000,0,0,0,0,27,164.0,11,0,156,3.51,1.256
7.9931617,Trevor Rogers,29,BAL,SP,27,0,.000,0,0,0,0,27,161.0,9,0,146,3.35,1.193
7.9013128,Caleb Durbin,26,BOS,3B,137,492,.252,13,59,21,65,0,0.0,0,0,0,0.00,0.000
7.7707825,Spencer Strider,28,ATL,SP,26,0,.000,0,0,0,0,26,153.0,10,0,189,3.76,1.268
7.7472153,Willson Contreras,34,BOS,1B,132,481,.254,21,68,6,67,0,0.0,0,0,0,0.00,0.000
7.6991448,Kodai Senga,33,NYM,SP/RP,28,0,.000,0,0,0,0,20,115.0,10,0,138,3.60,1.113
7.6604395,Luke Keaschall,24,MIN,2B,125,468,.259,13,61,19,61,0,0.0,0,0,0,0.00,0.000
7.6466384,Will Smith,31,LAD,C,127,440,.266,19,68,3,71,0,0.0,0,0,0,0.00,0.000
7.5962305,Ezequiel Tovar,25,COL,SS,148,582,.258,18,64,8,73,0,0.0,0,0,0,0.00,0.000
7.4612484,Zac Gallen,31,ARI,SP,30,0,.000,0,0,0,0,30,172.1,12,0,170,4.13,1.225
7.4305882,Spencer Steer,29,CIN,1B,127,471,.242,18,71,12,61,0,0.0,0,0,0,0.00,0.000
7.298296,Daylen Lile,24,WSH,OF,129,481,.272,14,59,11,70,0,0.0,0,0,0,0.00,0.000
7.2759404,Matt McLain,27,CIN,2B,131,478,.245,17,54,17,72,0,0.0,0,0,0,0.00,0.000
7.2367783,Xander Bogaerts,34,SD,SS,133,512,.266,13,54,18,66,0,0.0,0,0,0,0.00,0.000
7.1822205,TJ Friedl,31,CIN,OF,134,496,.252,16,65,12,67,0,0.0,0,0,0,0.00,0.000
7.0435791,Michael Wacha,35,KC,SP,28,0,.000,0,0,0,0,28,165.0,10,0,135,3.49,1.200
6.9975748,Carlos Estevez,34,KC,RP,65,0,.000,0,0,0,0,0,65.0,4,32,58,3.74,1.200
6.9687052,Alec Bohm,30,PHI,3B,135,522,.280,14,72,4,62,0,0.0,0,0,0,0.00,0.000
6.8385935,Yainer Diaz,28,HOU,C/DH,133,497,.272,20,70,2,59,0,0.0,0,0,0,0.00,0.000
6.8285103,Nick Lodolo,28,CIN,SP,30,0,.000,0,0,0,0,30,170.0,10,0,173,4.02,1.206
6.7370176,Shane McClanahan,29,TB,SP,22,0,.000,0,0,0,0,22,128.0,9,0,134,3.23,1.180
6.6704679,David Bednar,32,NYY,RP,65,0,.000,0,0,0,0,0,64.0,4,29,68,3.66,1.188
6.5749578,Spencer Torkelson,27,DET,1B,147,536,.231,24,71,2,75,0,0.0,0,0,0,0.00,0.000
6.5123038,Alec Burleson,28,STL,1B/OF/DH,137,518,.266,17,67,7,60,0,0.0,0,0,0,0.00,0.000
6.5009308,Harrison Bader,32,SF,OF,124,477,.247,15,58,17,65,0,0.0,0,0,0,0.00,0.000
6.3487663,Luis Garcia,26,WSH,2B,125,472,.261,15,60,14,60,0,0.0,0,0,0,0.00,0.000
6.2026439,Joe Musgrove,34,SD,SP,25,0,.000,0,0,0,0,25,142.0,8,0,142,3.49,1.155
6.1309381,Kerry Carpenter,29,DET,OF/DH,117,435,.255,22,66,4,60,0,0.0,0,0,0,0.00,0.000
6.0780149,Royce Lewis,27,MIN,3B,121,451,.246,19,67,10,57,0,0.0,0,0,0,0.00,0.000
6.0490017,Otto Lopez,28,MIA,2B/SS,133,501,.255,11,61,18,61,0,0.0,0,0,0,0.00,0.000
6.0236125,Wilyer Abreu,27,BOS,OF,125,443,.251,17,67,10,59,0,0.0,0,0,0,0.00,0.000
6.0008063,Mike Trout,35,LAA,OF/DH,122,438,.235,24,57,9,66,0,0.0,0,0,0,0.00,0.000
5.9077001,Ceddanne Rafaela,26,BOS,2B/OF,138,509,.244,15,56,16,70,0,0.0,0,0,0,0.00,0.000
5.9061933,Jacob Wilson,24,ATH,SS,138,529,.280,12,57,8,71,0,0.0,0,0,0,0.00,0.000
5.7797809,Kris Bubic,29,KC,SP,27,0,.000,0,0,0,0,27,149.0,6,0,147,3.26,1.161
5.7753201,Ramon Laureano,32,SD,OF,124,462,.251,18,60,11,62,0,0.0,0,0,0,0.00,0.000
5.6022263,Pete Fairbanks,33,MIA,RP,62,0,.000,0,0,0,0,0,63.0,4,26,61,3.43,1.143
5.4705849,Luis Arraez,29,SF,1B/DH,140,580,.302,6,54,8,70,0,0.0,0,0,0,0.00,0.000
5.4394112,Jasson Dominguez,23,NYY,OF,126,449,.232,19,56,16,62,0,0.0,0,0,0,0.00,0.000
5.3076448,Lawrence Butler,26,ATH,OF,133,492,.238,19,56,14,64,0,0.0,0,0,0,0.00,0.000
5.2186627,Carlos Rodon,34,NYY,SP,24,0,.000,0,0,0,0,24,144.0,11,0,152,4.19,1.194
5.2006888,Emilio Pagan,35,CIN,RP,66,0,.000,0,0,0,0,0,66.0,3,27,66,3.68,1.121
5.1836386,Gavin Williams,27,CLE,SP,28,0,.000,0,0,0,0,28,163.0,10,0,167,3.70,1.294
5.1829972,Emmet Sheehan,27,LAD,SP/RP,34,0,.000,0,0,0,0,22,130.0,8,0,140,3.81,1.108
5.1648321,Seth Lugo,37,KC,SP,26,0,.000,0,0,0,0,26,156.0,9,0,138,3.58,1.205
5.1560984,Jake Burger,30,TEX,1B,127,478,.243,23,69,2,61,0,0.0,0,0,0,0.00,0.000
4.9039474,Sal Stewart,23,CIN,1B,122,432,.259,18,61,8,57,0,0.0,0,0,0,0.00,0.000
4.8548393,Noelvi Marte,25,CIN,3B/OF,128,492,.246,15,59,14,62,0,0.0,0,0,0,0.00,0.000
4.8398824,Ryan O'Hearn,33,PIT,1B/OF/DH,122,453,.269,16,62,5,62,0,0.0,0,0,0,0.00,0.000
4.8186707,Sal Frelick,26,MIL,OF,132,489,.262,9,52,17,69,0,0.0,0,0,0,0.00,0.000
4.5791035,Trevor Megill,33,MIL,RP,62,0,.000,0,0,0,0,0,63.0,5,22,64,3.43,1.159
4.5351467,Carlos Correa,32,HOU,SS/3B,129,490,.271,17,62,1,66,0,0.0,0,0,0,0.00,0.000
4.4490051,Max Muncy,36,LAD,3B,110,380,.232,20,68,5,61,0,0.0,0,0,0,0.00,0.000
4.4222126,Brendan Donovan,29,SEA,2B,135,512,.277,13,58,5,67,0,0.0,0,0,0,0.00,0.000
4.2845831,Cam Schlittler,25,NYY,SP,24,0,.000,0,0,0,0,24,135.0,9,0,144,3.53,1.244
4.1683459,Trey Yesavage,23,TOR,SP/RP,29,0,.000,0,0,0,0,24,134.0,10,0,140,3.76,1.231
4.1359539,Jonathan Aranda,28,TB,1B,135,485,.249,17,61,6,67,0,0.0,0,0,0,0.00,0.000
4.1352382,Aaron Nola,33,PHI,SP,28,0,.000,0,0,0,0,28,166.0,10,0,168,4.12,1.247
4.0847406,Chandler Simpson,26,TB,OF,108,412,.279,3,31,35,53,0,0.0,0,0,0,0.00,0.000
4.0719643,Agustin Ramirez,25,MIA,C/DH,121,454,.231,18,57,14,60,0,0.0,0,0,0,0.00,0.000
3.9998302,Chase Burns,23,CIN,SP/RP,29,0,.000,0,0,0,0,24,129.0,7,0,159,3.63,1.202
3.9822545,Jose Caballero,30,NYY,2B/SS/3B/OF,112,371,.229,10,42,32,53,0,0.0,0,0,0,0.00,0.000
3.9515116,Cedric Mullins,32,TB,OF,110,395,.228,15,56,19,55,0,0.0,0,0,0,0.00,0.000
3.7761922,Kazuma Okamoto,30,TOR,3B,115,443,.253,20,63,2,61,0,0.0,0,0,0,0.00,0.000
3.7428062,Ivan Herrera,26,STL,DH,127,458,.262,13,58,9,63,0,0.0,0,0,0,0.00,0.000
3.6649539,Nolan Arenado,35,ARI,3B,134,512,.252,16,69,3,62,0,0.0,0,0,0,0.00,0.000
3.6622102,Sandy Alcantara,31,MIA,SP,28,0,.000,0,0,0,0,28,175.0,11,0,144,4.06,1.240
3.6202829,Jack Flaherty,31,DET,SP,28,0,.000,0,0,0,0,28,160.0,10,0,182,4.22,1.281
3.5862727,Marcell Ozuna,36,PIT,DH,120,425,.242,23,65,0,60,0,0.0,0,0,0,0.00,0.000
3.5338635,Andres Gimenez,28,TOR,2B,135,495,.234,11,55,21,60,0,0.0,0,0,0,0.00,0.000
3.4811776,Jorge Polanco,33,NYM,2B/DH,121,448,.243,20,63,6,55,0,0.0,0,0,0,0.00,0.000
3.4604354,Shane Baz,27,BAL,SP,28,0,.000,0,0,0,0,28,159.0,9,0,155,4.08,1.208
3.4192789,Mickey Moniak,28,COL,OF,113,422,.249,18,57,10,54,0,0.0,0,0,0,0.00,0.000
3.391685,Adley Rutschman,28,BAL,C,138,491,.255,17,65,1,66,0,0.0,0,0,0,0.00,0.000
3.2414656,Jose Soriano,28,LAA,SP,30,0,.000,0,0,0,0,30,170.0,10,0,168,3.86,1.318
3.1114397,Gerrit Cole,36,NYY,SP,17,0,.000,0,0,0,0,17,103.0,9,0,107,3.67,1.097
3.0163865,Willi Castro,29,COL,2B/3B/OF,128,465,.241,12,45,18,70,0,0.0,0,0,0,0.00,0.000
2.947083,Ryan Walker,31,SF,RP,63,0,.000,0,0,0,0,0,63.0,6,17,64,3.43,1.159
2.9074521,Brady Singer,30,CIN,SP,30,0,.000,0,0,0,0,30,174.0,12,0,161,4.24,1.299
2.7990248,Ernie Clement,30,TOR,2B/SS/3B,137,502,.265,12,55,9,62,0,0.0,0,0,0,0.00,0.000
2.7937489,Trent Grisham,30,NYY,OF,127,449,.214,21,63,7,64,0,0.0,0,0,0,0.00,0.000
2.7417731,Robbie Ray,35,SF,SP,28,0,.000,0,0,0,0,28,169.0,8,0,179,4.15,1.243
2.6676872,Giancarlo Stanton,37,NYY,OF/DH,101,370,.235,23,66,3,47,0,0.0,0,0,0,0.00,0.000
2.5464761,Edwin Uceta,28,TB,RP,67,0,.000,0,0,0,0,0,72.0,5,10,74,3.00,1.042
2.4968684,Brandon Marsh,29,PHI,OF,116,405,.262,13,52,11,58,0,0.0,0,0,0,0.00,0.000
2.3927722,Zack Littell,31,WSH,SP,30,0,.000,0,0,0,0,26,152.2,8,0,121,3.78,1.163
2.3324957,Heliot Ramos,27,SF,OF,144,545,.239,19,59,5,65,0,0.0,0,0,0,0.00,0.000
2.3080883,Chris Bassitt,37,BAL,SP,29,0,.000,0,0,0,0,28,160.0,11,0,155,3.94,1.331
2.1427786,Brayan Bello,27,BOS,SP,27,0,.000,0,0,0,0,27,155.0,12,0,129,3.89,1.310
2.0997851,Dennis Santana,30,PIT,RP,65,0,.000,0,0,0,0,0,66.0,4,21,59,3.68,1.136
1.9150171,Jake Cronenworth,32,SD,2B,138,501,.238,14,66,5,65,0,0.0,0,0,0,0.00,0.000
1.8234684,Yusei Kikuchi,35,LAA,SP,29,0,.000,0,0,0,0,29,170.0,8,0,181,3.97,1.306
1.7564466,Jacob Misiorowski,24,MIL,SP/RP,34,0,.000,0,0,0,0,25,137.0,8,0,158,4.14,1.219
1.6189241,Josh Lowe,28,LAA,OF,106,395,.241,12,48,19,52,0,0.0,0,0,0,0.00,0.000
1.5917251,Andrew Vaughn,28,MIL,1B,131,499,.251,17,71,1,49,0,0.0,0,0,0,0.00,0.000
1.5754107,Lucas Giolito,32,FA,SP,29,0,.000,0,0,0,0,29,159.0,10,0,148,3.95,1.298
1.5570276,J.P. Crawford,31,SEA,SS,143,517,.244,14,54,6,73,0,0.0,0,0,0,0.00,0.000
1.5366231,Daniel Palencia,26,CHC,RP,64,0,.000,0,0,0,0,0,65.0,3,27,61,4.02,1.262
1.5240575,Mitch Keller,30,PIT,SP,30,0,.000,0,0,0,0,30,177.0,9,0,165,4.17,1.266
1.4852287,Matt Wallner,29,MIN,OF,115,403,.233,20,55,7,55,0,0.0,0,0,0,0.00,0.000
1.4270513,Jackson Holliday,23,BAL,2B,120,452,.239,13,49,13,65,0,0.0,0,0,0,0.00,0.000
1.3575177,Grayson Rodriguez,27,LAA,SP,20,0,.000,0,0,0,0,20,114.0,11,0,123,4.03,1.263
1.3263406,Dean Kremer,30,BAL,SP,27,0,.000,0,0,0,0,27,154.0,10,0,135,4.15,1.234
1.2431333,Isaac Paredes,27,HOU,3B,112,409,.247,19,62,1,54,0,0.0,0,0,0,0.00,0.000
1.2098948,Victor Scott,25,STL,OF,128,446,.213,9,44,30,54,0,0.0,0,0,0,0.00,0.000
0.83815414,Justin Crawford,22,PHI,OF,100,372,.266,3,41,27,46,0,0.0,0,0,0,0.00,0.000
0.69459569,Shane Bieber,31,TOR,SP,19,0,.000,0,0,0,0,19,110.0,5,0,108,3.11,1.127
0.67164665,Nolan Schanuel,24,LAA,1B,140,511,.256,12,50,6,69,0,0.0,0,0,0,0.00,0.000
0.45279106,Ian Seymour,28,TB,SP/RP,36,0,.000,0,0,0,0,20,125.0,7,0,124,3.74,1.184
0.42598718,Griffin Jax,32,TB,RP,67,0,.000,0,0,0,0,0,66.0,4,14,76,3.55,1.121
0.40588611,Carson Benge,23,NYM,OF,117,424,.250,11,52,11,57,0,0.0,0,0,0,0.00,0.000
0.39109859,Ryan Jeffers,29,MIN,C/DH,125,435,.248,15,58,4,57,0,0.0,0,0,0,0.00,0.000
0.31772628,Ryne Nelson,28,ARI,SP,28,0,.000,0,0,0,0,28,161.0,9,0,130,4.14,1.217
0.30972445,Brady House,23,WSH,3B,122,458,.242,15,56,7,56,0,0.0,0,0,0,0.00,0.000
0.30155581,Jeffrey Springs,34,ATH,SP,29,0,.000,0,0,0,0,29,162.0,9,0,144,4.28,1.228
0.22249231,Jorge Soler,34,LAA,OF/DH,122,438,.233,20,56,2,60,0,0.0,0,0,0,0.00,0.000
0.18941724,Colton Cowser,26,BAL,OF,127,454,.207,16,54,12,65,0,0.0,0,0,0,0.00,0.000
9.2776887E-2,Seranthony Dominguez,32,CWS,RP,57,0,.000,0,0,0,0,0,57.0,4,25,34,3.79,1.228
0.05376282,Edward Cabrera,28,CHC,SP,24,0,.000,0,0,0,0,24,135.0,9,0,150,4.13,1.289
4.2753089E-2,JoJo Romero,30,STL,RP,63,0,.000,0,0,0,0,0,63.0,5,15,56,3.29,1.175
0.0,Masyn Winn,24,STL,SS,142,541,.235,11,56,9,68,0,0.0,0,0,0,0.00,0.000
0.0,Cody Ponce,32,TOR,SP/RP,34,0,.000,0,0,0,0,22,132.0,8,1,127,3.82,1.258
-0.02666449,Bubba Chandler,24,PIT,SP/RP,31,0,.000,0,0,0,0,24,141.0,9,0,124,4.28,1.184
-0.16429502,Kyle Teel,24,CWS,C,116,407,.253,13,52,7,56,0,0.0,0,0,0,0.00,0.000
-0.18473488,Braxton Ashcraft,27,PIT,SP/RP,38,0,.000,0,0,0,0,22,131.0,4,0,125,3.02,1.229
-0.1882851,Josh Bell,34,MIN,1B/DH,127,464,.244,19,62,0,51,0,0.0,0,0,0,0.00,0.000
-0.20403533,J.T. Realmuto,35,PHI,C,121,431,.255,14,50,7,55,0,0.0,0,0,0,0.00,0.000
-0.30928594,Addison Barger,27,TOR,3B/OF,112,412,.235,16,57,6,53,0,0.0,0,0,0,0.00,0.000
-0.3169179,Austin Wells,27,NYY,C,121,408,.230,17,61,5,50,0,0.0,0,0,0,0.00,0.000
-0.39471251,Jack Leiter,26,TEX,SP,29,0,.000,0,0,0,0,29,161.0,9,0,150,4.36,1.248
-0.39710122,Bryan Abreu,29,HOU,RP,65,0,.000,0,0,0,0,0,67.0,3,11,84,2.82,1.179
-0.42626253,Tommy Edman,31,LAD,2B/OF,106,398,.234,14,50,11,55,0,0.0,0,0,0,0.00,0.000
-0.50333536,Dylan Crews,24,WSH,OF,114,419,.224,13,43,19,53,0,0.0,0,0,0,0.00,0.000
-0.51072413,Samuel Basallo,22,BAL,C,107,385,.239,15,58,4,55,0,0.0,0,0,0,0.00,0.000
-0.59846056,Jared Triolo,28,PIT,1B/SS/3B,125,451,.239,12,47,13,57,0,0.0,0,0,0,0.00,0.000
-0.66821641,Brooks Lee,25,MIN,2B/SS/3B,133,492,.232,13,66,8,47,0,0.0,0,0,0,0.00,0.000
-0.72410357,Kyle Manzardo,26,CLE,1B/DH,132,469,.232,19,59,4,49,0,0.0,0,0,0,0.00,0.000
-0.76602042,Gabriel Moreno,26,ARI,C,112,390,.272,10,52,6,52,0,0.0,0,0,0,0.00,0.000
-0.76711667,Spencer Horwitz,29,PIT,1B,115,422,.249,13,56,4,57,0,0.0,0,0,0,0.00,0.000
-0.82709575,Roki Sasaki,25,LAD,SP/RP,31,0,.000,0,0,0,0,18,118.0,8,2,111,3.89,1.237
-0.84777361,Sean Manaea,34,NYM,SP,26,0,.000,0,0,0,0,26,139.0,7,0,156,4.60,1.173
-0.88452381,Carter Jensen,23,KC,C,127,417,.242,13,53,8,54,0,0.0,0,0,0,0.00,0.000
-0.89334768,Andrew Benintendi,32,CWS,OF/DH,118,444,.239,16,56,4,55,0,0.0,0,0,0,0.00,0.000
-0.91422242,Chase DeLauter,25,CLE,OF,107,442,.253,13,58,2,56,0,0.0,0,0,0,0.00,0.000
-0.99116367,Dominic Canzone,29,SEA,OF,116,408,.240,15,50,8,53,0,0.0,0,0,0,0.00,0.000
-1.0073763,Trevor Larnach,29,MIN,OF/DH,108,391,.240,15,56,4,54,0,0.0,0,0,0,0.00,0.000
-1.0086422,Shane Smith,26,CWS,SP,28,0,.000,0,0,0,0,28,158.0,6,0,153,4.04,1.234
-1.0276232,Miguel Vargas,27,CWS,1B/3B,139,512,.211,15,56,8,69,0,0.0,0,0,0,0.00,0.000
-1.0429349,Nolan Gorman,26,STL,2B/3B/DH,112,405,.220,18,56,6,53,0,0.0,0,0,0,0.00,0.000
-1.0443075,MacKenzie Gore,27,TEX,SP,29,0,.000,0,0,0,0,29,163.0,9,0,183,4.14,1.393
-1.0907915,Paul Goldschmidt,39,NYY,1B,89,360,.250,11,47,7,63,0,0.0,0,0,0,0.00,0.000
-1.0919775,Chad Patrick,28,MIL,SP,30,0,.000,0,0,0,0,29,153.0,5,0,161,3.71,1.288
-1.0959479,Jonathan India,30,KC,2B/3B/OF/DH,124,454,.240,12,49,7,66,0,0.0,0,0,0,0.00,0.000
-1.1212156,Jeff McNeil,34,ATH,2B/OF,132,479,.244,13,55,5,58,0,0.0,0,0,0,0.00,0.000
-1.1658275,Bailey Ober,31,MIN,SP,29,0,.000,0,0,0,0,28,163.0,7,0,155,4.47,1.196
-1.2406976,Lars Nootbaar,29,STL,OF,126,454,.240,13,50,7,61,0,0.0,0,0,0,0.00,0.000
-1.3386691,Jordan Westburg,27,BAL,3B,99,380,.250,14,48,6,55,0,0.0,0,0,0,0.00,0.000
-1.4415358,Anthony Volpe,25,NYY,SS,111,416,.221,12,48,16,52,0,0.0,0,0,0,0.00,0.000
-1.4662814,Luis Rengifo,29,MIL,2B/3B,120,395,.256,10,42,14,50,0,0.0,0,0,0,0.00,0.000
-1.4680367,Garrett Cleavinger,32,TB,RP,65,0,.000,0,0,0,0,0,63.0,4,13,66,3.43,1.159
-1.483139,Joey Cantillo,27,CLE,SP/RP,40,0,.000,0,0,0,0,19,125.0,7,0,131,3.89,1.248
-1.4955335,Jordan Beck,25,COL,OF,127,471,.231,12,46,16,51,0,0.0,0,0,0,0.00,0.000
-1.5539087,Matt Strahm,35,KC,RP,65,0,.000,0,0,0,0,0,66.0,5,4,70,3.00,1.030
-1.592684,Casey Mize,29,DET,SP,27,0,.000,0,0,0,0,27,150.0,9,0,130,4.14,1.273
-1.6332157,Robert Suarez,35,ATL,RP,66,0,.000,0,0,0,0,0,66.0,5,9,59,3.55,1.045
-1.7162355,Tyler Holton,30,DET,RP,67,0,.000,0,0,0,0,1,72.0,5,2,59,3.00,0.944
-1.7237223,Jung Hoo Lee,28,SF,OF,134,512,.256,9,47,8,61,0,0.0,0,0,0,0.00,0.000
-1.7667354,Josh Jung,28,TEX,3B,112,422,.249,15,50,5,51,0,0.0,0,0,0,0.00,0.000
-1.8387815,Rhys Hoskins,33,CLE,1B,108,383,.230,17,58,4,46,0,0.0,0,0,0,0.00,0.000
-1.8445358,Jesus Sanchez,29,TOR,OF,108,393,.242,14,48,9,49,0,0.0,0,0,0,0.00,0.000
-2.0880487,Abner Uribe,26,MIL,RP,68,0,.000,0,0,0,0,0,68.0,5,13,65,3.57,1.250
-2.0883932,Austin Hays,31,CWS,OF/DH,118,382,.257,12,48,6,52,0,0.0,0,0,0,0.00,0.000
-2.2454429,Wenceel Perez,27,DET,OF,112,411,.238,13,47,9,53,0,0.0,0,0,0,0.00,0.000
-2.3846233,Grant Holmes,30,ATL,SP/RP,30,0,.000,0,0,0,0,25,142.0,5,0,147,3.80,1.268
-2.4621191,Colt Keith,25,DET,2B/3B/DH,118,429,.254,12,49,3,58,0,0.0,0,0,0,0.00,0.000
-2.5429072,Gavin Sheets,30,SD,OF/DH,124,460,.235,15,59,4,46,0,0.0,0,0,0,0.00,0.000
-2.5523601,Robert Garcia,30,TEX,RP,64,0,.000,0,0,0,0,0,62.0,3,16,61,3.63,1.194
-2.5882723,Tommy Pham,38,FA,OF,121,408,.245,11,50,9,48,0,0.0,0,0,0,0.00,0.000
-2.6095831,Jacob Lopez,28,ATH,SP,24,0,.000,0,0,0,0,23,127.0,8,0,111,4.11,1.220
-2.6850691,Spencer Schwellenbach,26,ATL,SP,13,0,.000,0,0,0,0,13,76.0,5,0,76,3.20,1.013
-2.7914925,Francisco Alvarez,25,NYM,C,114,389,.237,16,52,3,50,0,0.0,0,0,0,0.00,0.000
-2.8160727,Zach Eflin,32,BAL,SP,25,0,.000,0,0,0,0,25,141.0,10,0,115,4.53,1.234
-2.946589,Ke'Bryan Hayes,29,CIN,3B,134,496,.242,8,47,12,55,0,0.0,0,0,0,0.00,0.000
-2.9929113,Kirby Yates,39,LAA,RP,58,0,.000,0,0,0,0,0,57.0,3,14,62,3.63,1.140
-3.05288,Mark Vientos,27,NYM,3B/DH,104,391,.235,17,53,3,45,0,0.0,0,0,0,0.00,0.000
-3.0651758,Dustin May,29,STL,SP/RP,31,0,.000,0,0,0,0,23,137.0,8,0,117,4.14,1.248
-3.1203136,Kyle Isbel,29,KC,OF,121,426,.242,9,46,9,58,0,0.0,0,0,0,0.00,0.000
-3.1555483,Mike Burrows,27,HOU,SP/RP,30,0,.000,0,0,0,0,23,127.0,6,0,105,3.54,1.244
-3.1726749,Ryan McMahon,32,NYY,3B,121,435,.228,17,50,3,55,0,0.0,0,0,0,0.00,0.000
-3.1857164,Alejandro Kirk,28,TOR,C,122,423,.255,11,61,2,41,0,0.0,0,0,0,0.00,0.000
-3.2572899,Parker Meadows,27,DET,OF,115,406,.232,12,44,11,52,0,0.0,0,0,0,0.00,0.000
-3.3078535,Marcelo Mayer,24,BOS,3B,120,420,.233,13,46,7,56,0,0.0,0,0,0,0.00,0.000
-3.3857195,Konnor Griffin,20,PIT,SS,88,330,.258,9,39,15,40,0,0.0,0,0,0,0.00,0.000
-3.4636953,Will Vest,31,DET,RP,65,0,.000,0,0,0,0,0,66.0,4,8,63,3.14,1.152
-3.4759369,David Peterson,31,NYM,SP,28,0,.000,0,0,0,0,28,163.0,9,0,152,4.03,1.399
-3.4861267,Brett Baty,27,NYM,2B/3B,108,370,.243,14,48,5,47,0,0.0,0,0,0,0.00,0.000
-3.4920602,Matt Svanson,27,STL,RP,62,0,.000,0,0,0,0,0,66.0,3,4,66,2.73,1.030
-3.4943008,Jose Quintana,37,COL,SP,24,0,.000,0,0,0,0,24,131.0,8,0,98,3.76,1.275
-3.5132697,JP Sears,30,SD,SP,28,0,.000,0,0,0,0,24,134.0,8,0,113,4.16,1.246
-3.5988557,Logan O'Hoppe,26,LAA,C,115,410,.229,19,49,3,46,0,0.0,0,0,0,0.00,0.000
-3.6171911,Jake Mangum,30,PIT,OF,89,336,.280,5,35,19,34,0,0.0,0,0,0,0.00,0.000
-3.6821163,Parker Messick,26,CLE,SP,22,0,.000,0,0,0,0,22,118.0,5,0,104,3.36,1.246
-3.837249,Troy Melton,26,DET,SP/RP,39,0,.000,0,0,0,0,8,82.0,6,0,67,3.29,1.098
-3.8850253,Tyler Mahle,32,SF,SP,23,0,.000,0,0,0,0,23,129.0,4,0,107,3.56,1.194
-3.9548302,Jordan Walker,24,STL,OF,118,427,.230,12,50,8,49,0,0.0,0,0,0,0.00,0.000
-4.059123,Luis Gil,28,NYY,SP/RP,38,0,.000,0,0,0,0,13,98.0,8,0,87,3.40,1.316
-4.0636287,Noah Cameron,27,KC,SP,25,0,.000,0,0,0,0,25,144.0,8,0,125,4.19,1.292
-4.0875616,Seth Halvorsen,26,COL,RP,57,0,.000,0,0,0,0,0,58.0,4,14,50,3.72,1.207
-4.0939832,Tyler Stephenson,30,CIN,C,107,372,.239,13,52,2,50,0,0.0,0,0,0,0.00,0.000
-4.1332412,Owen Caissie,24,MIA,OF,116,385,.231,12,47,8,49,0,0.0,0,0,0,0.00,0.000
-4.1516643,Alek Thomas,26,ARI,OF,109,394,.226,11,48,9,51,0,0.0,0,0,0,0.00,0.000
-4.2100286,Connor Norby,26,MIA,3B,102,363,.240,12,42,8,50,0,0.0,0,0,0,0.00,0.000
-4.221067,Evan Carter,24,TEX,OF,100,347,.233,11,42,10,50,0,0.0,0,0,0,0.00,0.000
-4.2257075,Christian Moore,24,LAA,2B,117,410,.222,14,46,8,51,0,0.0,0,0,0,0.00,0.000
-4.2709646,Bo Naylor,26,CLE,C,120,389,.216,15,49,6,51,0,0.0,0,0,0,0.00,0.000
-4.2912302,Reynaldo Lopez,32,ATL,SP,27,0,.000,0,0,0,0,27,149.0,10,0,116,3.74,1.423
-4.3293872,Mike Yastrzemski,36,ATL,OF,107,377,.233,14,43,5,54,0,0.0,0,0,0,0.00,0.000
-4.3295388,Jake Meyers,30,HOU,OF,106,383,.245,9,40,11,50,0,0.0,0,0,0,0.00,0.000
-4.6298313,Freddy Fermin,31,SD,C,118,405,.252,11,45,5,48,0,0.0,0,0,0,0.00,0.000
-4.6672268,Bryce Miller,28,SEA,SP,23,0,.000,0,0,0,0,23,130.0,7,0,114,4.43,1.200
-4.7477088,Chase Meidroth,25,CWS,2B/SS,128,482,.251,7,30,14,58,0,0.0,0,0,0,0.00,0.000
-4.7493653,Zach McKinstry,31,DET,SS/3B/OF,109,381,.239,8,37,14,50,0,0.0,0,0,0,0.00,0.000
-4.76791,Tanner Scott,32,LAD,RP,65,0,.000,0,0,0,0,0,65.0,5,5,68,3.46,1.169
-4.7972817,Brayan Rocchio,25,CLE,2B/SS,124,433,.231,9,50,8,51,0,0.0,0,0,0,0.00,0.000
-4.8403368,Jose Berrios,32,TOR,SP/RP,32,0,.000,0,0,0,0,15,105.0,7,0,90,3.86,1.229
-4.8442168,Garrett Whitlock,30,BOS,RP,61,0,.000,0,0,0,0,0,65.0,5,5,63,3.32,1.169
-4.9077487,Foster Griffin,31,WSH,SP/RP,29,0,.000,0,0,0,0,21,125.0,7,0,112,4.10,1.264
-4.9522371,Michael McGreevy,26,STL,SP/RP,30,0,.000,0,0,0,0,24,148.0,8,0,100,4.20,1.243
-5.0329576,Logan Henderson,24,MIL,SP/RP,29,0,.000,0,0,0,0,14,86.0,5,0,82,3.45,1.151
-5.043469,Joc Pederson,34,TEX,DH,104,358,.226,14,46,5,48,0,0.0,0,0,0,0.00,0.000
-5.0615978,Hunter Gaddis,28,CLE,RP,65,0,.000,0,0,0,0,1,69.0,4,5,60,3.26,1.116
-5.0857625,Victor Robles,29,SEA,OF,94,331,.245,9,37,13,43,0,0.0,0,0,0,0.00,0.000
-5.0937223,Justin Topa,35,MIN,RP,64,0,.000,0,0,0,0,0,64.0,2,10,52,3.09,1.109
-5.1003222,Chris Martin,40,TEX,RP,52,0,.000,0,0,0,0,0,52.0,3,13,48,3.46,1.173
-5.2564478,Dylan Beavers,25,BAL,OF,104,365,.233,12,43,7,48,0,0.0,0,0,0,0.00,0.000
-5.2830811,Ryan Waldschmidt,24,ARI,OF,76,274,.234,8,38,16,38,0,0.0,0,0,0,0.00,0.000
-5.3052769,Tyler Rogers,36,TOR,RP,73,0,.000,0,0,0,0,0,72.0,4,2,52,2.88,1.069
-5.3349714,Andrew Kittredge,36,BAL,RP,66,0,.000,0,0,0,0,0,65.0,4,6,61,3.46,1.123
-5.3976965,Kevin Ginkel,32,ARI,RP,60,0,.000,0,0,0,0,0,60.0,3,16,58,4.35,1.233
-5.4191842,Nasim Nunez,26,WSH,SS,107,332,.235,10,38,12,44,0,0.0,0,0,0,0.00,0.000
-5.4653249,Cristian Javier,29,HOU,SP,25,0,.000,0,0,0,0,25,140.0,7,0,121,4.24,1.279
-5.5050173,Miguel Andujar,31,SD,3B/OF/DH,107,343,.259,10,45,5,40,0,0.0,0,0,0,0.00,0.000
-5.5211802,Reid Detmers,27,LAA,SP/RP,33,0,.000,0,0,0,0,22,130.0,6,0,147,4.57,1.269
-5.576283,Hunter Greene,27,CIN,SP,11,0,.000,0,0,0,0,11,68.0,4,0,84,3.31,1.103
-5.6008778,Matt Shaw,25,CHC,3B,109,325,.228,11,36,12,46,0,0.0,0,0,0,0.00,0.000
-5.6641698,Gavin Lux,29,TB,OF/DH,110,395,.258,7,47,4,48,0,0.0,0,0,0,0.00,0.000
-5.6842179,Phil Maton,33,CHC,RP,66,0,.000,0,0,0,0,0,65.0,3,6,68,3.32,1.138
-5.7327099,Joey Ortiz,28,MIL,SS,109,383,.232,8,46,8,50,0,0.0,0,0,0,0.00,0.000
-5.7460027,Alex Vesia,30,LAD,RP,63,0,.000,0,0,0,0,0,61.0,4,5,69,3.39,1.164
-5.7795715,Lane Thomas,31,KC,OF,93,343,.219,12,40,12,42,0,0.0,0,0,0,0.00,0.000
-5.7943435,Cam Smith,23,HOU,OF,109,392,.235,9,45,7,50,0,0.0,0,0,0,0.00,0.000
-5.8078771,Ha-Seong Kim,31,ATL,SS,91,295,.241,8,36,13,43,0,0.0,0,0,0,0.00,0.000
-5.8323493,CJ Kayfus,25,CLE,OF,99,345,.229,11,44,8,44,0,0.0,0,0,0,0.00,0.000
-5.8331466,Heriberto Hernandez,27,MIA,OF/DH,89,313,.236,11,47,4,45,0,0.0,0,0,0,0.00,0.000
-5.8408928,Rhett Lowder,24,CIN,SP/RP,24,0,.000,0,0,0,0,15,107.0,3,0,85,3.03,1.215
-5.8813667,Cole Sands,29,MIN,RP,64,0,.000,0,0,0,0,0,67.0,4,9,62,3.90,1.194
-5.8950858,Luke Weaver,33,NYM,RP,65,0,.000,0,0,0,0,0,69.0,4,6,73,4.04,1.130
-5.8955946,Justin Steele,31,CHC,SP,14,0,.000,0,0,0,0,14,78.0,6,0,75,3.81,1.141
-5.9310904,Bryce Eldridge,22,SF,,110,379,.227,11,46,7,46,0,0.0,0,0,0,0.00,0.000
-5.9368095,Robert Stephenson,33,LAA,RP,59,0,.000,0,0,0,0,0,59.0,3,10,54,3.66,1.136
-5.9490967,Patrick Bailey,27,SF,C,128,431,.230,9,55,3,50,0,0.0,0,0,0,0.00,0.000
-6.0189881,Jake Fraley,31,TB,OF,90,306,.245,10,37,10,41,0,0.0,0,0,0,0.00,0.000
-6.0612059,Graham Pauley,26,MIA,3B,112,378,.220,12,43,8,48,0,0.0,0,0,0,0.00,0.000
-6.1014533,Landen Roupp,28,SF,SP/RP,28,0,.000,0,0,0,0,22,120.0,8,0,111,3.83,1.400
-6.1177273,Josh Smith,29,TEX,1B/SS/3B,113,400,.235,10,37,8,54,0,0.0,0,0,0,0.00,0.000
-6.1574798,Aaron Ashby,28,MIL,RP,59,0,.000,0,0,0,0,1,69.0,4,2,67,3.13,1.145
-6.1634927,Zach Cole,26,HOU,OF,85,305,.233,12,40,8,41,0,0.0,0,0,0,0.00,0.000
-6.1813216,Justin Verlander,43,DET,SP,26,0,.000,0,0,0,0,26,142.1,7,0,124,4.24,1.309
-6.3342519,Quinn Priester,26,MIL,SP,21,0,.000,0,0,0,0,21,120.0,8,0,95,4.20,1.283
-6.3421779,Lucas Erceg,31,KC,RP,61,0,.000,0,0,0,0,0,62.0,5,6,58,3.63,1.210
-6.4017601,Riley O'Brien,31,STL,RP,62,0,.000,0,0,0,0,0,64.0,4,17,57,4.50,1.375
-6.426116,Anthony Kay,31,CWS,SP,23,0,.000,0,0,0,0,23,130.0,7,0,101,3.95,1.308
-6.487268,Aaron Civale,31,ATH,SP,24,0,.000,0,0,0,0,24,129.0,6,0,116,4.33,1.248
-6.5103164,Tyler O'Neill,31,BAL,OF,88,324,.225,13,40,7,43,0,0.0,0,0,0,0.00,0.000
-6.5281706,Taylor Rogers,36,MIN,RP,51,0,.000,0,0,0,0,0,51.0,3,12,49,3.53,1.235
-6.5867825,Orion Kerkering,25,PHI,RP,64,0,.000,0,0,0,0,0,63.0,6,2,65,3.43,1.238
-6.5900126,Jacob Latz,30,TEX,SP/RP,36,0,.000,0,0,0,0,16,112.0,1,0,95,3.13,1.179
-6.5967455,Blaze Alexander,27,BAL,3B,103,359,.234,10,44,6,45,0,0.0,0,0,0,0.00,0.000
-6.6423059,Carson Williams,23,TB,SS,100,349,.218,13,42,8,42,0,0.0,0,0,0,0.00,0.000
-6.6530533,Shawn Armstrong,36,CLE,RP,67,0,.000,0,0,0,0,1,68.0,3,4,64,3.31,1.118
-6.6648607,Nick Gonzales,27,PIT,2B,103,402,.244,10,44,4,46,0,0.0,0,0,0,0.00,0.000
-6.6858969,Nick Castellanos,34,SD,OF,78,298,.255,11,43,3,39,0,0.0,0,0,0,0.00,0.000
-6.7698274,Jared Koenig,32,MIL,RP,62,0,.000,0,0,0,0,0,64.0,4,3,61,3.09,1.172
-6.7977114,Justin Slaten,29,BOS,RP,57,0,.000,0,0,0,0,0,59.0,6,4,50,3.81,1.153
-6.9086027,Tyrone Taylor,32,NYM,OF,96,340,.235,8,38,10,45,0,0.0,0,0,0,0.00,0.000
-6.9108195,Brandon Pfaadt,28,ARI,SP,29,0,.000,0,0,0,0,29,170.0,10,0,157,5.19,1.312
-6.9460506,Gabriel Arias,26,CLE,2B/SS,109,394,.223,10,43,9,44,0,0.0,0,0,0,0.00,0.000
-7.0035982,Lourdes Gurriel,33,ARI,OF,70,275,.258,11,41,5,33,0,0.0,0,0,0,0.00,0.000
-7.0605407,Camilo Doval,29,NYY,RP,64,0,.000,0,0,0,0,0,64.0,5,6,69,3.80,1.297
-7.0684528,Moises Ballesteros,23,CHC,,92,317,.240,10,40,6,43,0,0.0,0,0,0,0.00,0.000
-7.1019206,Drew Pomeranz,38,LAA,RP,58,0,.000,0,0,0,0,0,56.0,3,5,55,3.05,1.125
-7.1173878,Garrett Mitchell,28,MIL,OF,95,330,.233,11,36,8,44,0,0.0,0,0,0,0.00,0.000
-7.2503395,Oliver Dunn,29,CWS,3B,93,291,.210,12,37,12,37,0,0.0,0,0,0,0.00,0.000
-7.2660403,Dillon Dingler,28,DET,C,112,383,.235,11,47,3,42,0,0.0,0,0,0,0.00,0.000
-7.2904749,Lenyn Sosa,26,CWS,1B/2B,97,376,.242,13,43,3,38,0,0.0,0,0,0,0.00,0.000
-7.2949872,Jared Jones,25,PIT,SP,15,0,.000,0,0,0,0,15,86.0,5,0,93,4.08,1.198
-7.3300881,Clayton Beeter,28,WSH,RP,62,0,.000,0,0,0,0,0,63.0,2,12,57,4.00,1.190
-7.3367438,Justin Sterner,30,ATH,RP,64,0,.000,0,0,0,0,0,67.0,3,6,60,3.36,1.194
-7.3557091,Cade Cavalli,28,WSH,SP,24,0,.000,0,0,0,0,24,137.0,7,0,113,4.14,1.336
-7.4235916,Dylan Lee,32,ATL,RP,65,0,.000,0,0,0,0,0,64.0,3,4,64,3.38,1.141
-7.4584312,Tony Santillan,29,CIN,RP,69,0,.000,0,0,0,0,0,68.0,3,8,62,3.31,1.294
-7.4690681,Jason Adam,35,SD,RP,46,0,.000,0,0,0,0,0,46.0,3,5,47,2.74,1.087
-7.5339432,Griffin Conine,29,MIA,OF,89,325,.237,10,39,6,43,0,0.0,0,0,0,0.00,0.000
-7.632442,Luis Morales,24,ATH,SP,21,0,.000,0,0,0,0,21,113.0,6,0,97,4.14,1.265
-7.6521859,Alex Cobb,39,FA,SP,14,0,.000,0,0,0,0,14,79.0,5,0,59,3.42,1.165
-7.7556462,Vaughn Grissom,25,LAA,2B,101,370,.232,10,41,6,43,0,0.0,0,0,0,0.00,0.000
-7.7782674,Robby Snelling,23,MIA,SP,17,0,.000,0,0,0,0,17,98.0,7,0,94,4.04,1.337
-7.7911472,Wilmer Flores,35,FA,1B/DH,108,334,.237,12,46,2,37,0,0.0,0,0,0,0.00,0.000
-7.8548665,Will Warren,27,NYY,SP/RP,36,0,.000,0,0,0,0,21,122.0,4,0,139,4.28,1.303
-7.9125533,Matt Brash,28,SEA,RP,62,0,.000,0,0,0,0,0,61.0,3,5,67,3.25,1.246
-7.9128394,Denzel Clarke,26,ATH,OF,95,337,.231,10,34,9,43,0,0.0,0,0,0,0.00,0.000
-7.9482675,Ryan Weathers,27,NYY,SP/RP,33,0,.000,0,0,0,0,21,124.0,5,0,108,4.06,1.282
-8.0091028,Bryan King,30,HOU,RP,64,0,.000,0,0,0,0,0,65.0,3,2,63,3.18,1.138
-8.0389071,Nick Martinez,36,TB,SP,23,0,.000,0,0,0,0,20,130.0,7,0,101,4.36,1.285
-8.0426865,JJ Wetherholt,24,STL,SS,88,318,.248,8,35,8,40,0,0.0,0,0,0,0.00,0.000
-8.1567488,Taylor Walls,30,TB,SS,90,315,.219,7,36,13,41,0,0.0,0,0,0,0.00,0.000
-8.1649008,Starling Marte,38,KC,OF/DH,74,282,.252,8,32,10,36,0,0.0,0,0,0,0.00,0.000
-8.2005758,Kyle Finnegan,35,DET,RP,63,0,.000,0,0,0,0,0,63.0,4,5,56,3.71,1.190
-8.2271385,Davis Schneider,27,TOR,2B/OF,83,280,.229,12,37,5,40,0,0.0,0,0,0,0.00,0.000
-8.2400169,Thairo Estrada,30,BAL,2B,82,328,.241,9,40,6,38,0,0.0,0,0,0,0.00,0.000
-8.2526674,Adrian Morejon,27,SD,RP,66,0,.000,0,0,0,0,0,67.0,6,2,62,3.76,1.269
-8.3355446,Jake McCarthy,29,COL,OF,88,311,.238,6,33,13,38,0,0.0,0,0,0,0.00,0.000
-8.3400011,Carson Kelly,32,CHC,C,96,324,.235,10,40,5,40,0,0.0,0,0,0,0.00,0.000
-8.4487877,Carlos Santana,40,ARI,1B,78,302,.232,11,41,4,38,0,0.0,0,0,0,0.00,0.000
-8.5708714,Connelly Early,24,BOS,SP/RP,27,0,.000,0,0,0,0,8,63.0,5,0,60,3.57,1.159
-8.5959806,Jake Bauers,31,MIL,1B/OF,88,287,.223,10,37,8,38,0,0.0,0,0,0,0.00,0.000
-8.6631336,Luke Raley,32,SEA,1B/OF,85,291,.227,10,35,8,39,0,0.0,0,0,0,0.00,0.000
-8.7218256,Rowdy Tellez,31,ATL,1B,80,300,.230,12,43,3,34,0,0.0,0,0,0,0.00,0.000
-8.7376585,Luis Severino,32,ATH,SP,29,0,.000,0,0,0,0,29,172.0,9,0,143,4.81,1.360
-8.7418365,Isaac Mattson,31,PIT,RP,62,0,.000,0,0,0,0,0,66.0,3,5,57,3.68,1.167
-8.7566786,Brooks Baldwin,26,CWS,OF,93,332,.232,10,37,7,38,0,0.0,0,0,0,0.00,0.000
-8.7841721,A.J. Minter,33,NYM,RP,57,0,.000,0,0,0,0,0,56.0,4,3,52,3.54,1.143
-8.798914,Victor Caratini,33,MIN,C/DH,89,304,.250,11,37,3,36,0,0.0,0,0,0,0.00,0.000
-8.8453999,Mike Tauchman,36,NYM,OF,87,304,.247,8,36,4,44,0,0.0,0,0,0,0.00,0.000
-8.8756123,Colin Rea,36,CHC,SP/RP,36,0,.000,0,0,0,0,10,84.0,6,1,68,4.18,1.226
-8.8768578,Tyler Freeman,27,COL,OF/DH,85,308,.240,6,33,10,41,0,0.0,0,0,0,0.00,0.000
-8.899416,Anthony Bender,31,MIA,RP,64,0,.000,0,0,0,0,0,63.0,3,4,56,3.43,1.175
-8.9208584,Kutter Crawford,30,BOS,SP/RP,43,0,.000,0,0,0,0,8,85.0,3,0,85,4.24,1.094
-8.9698763,Jose Alvarado,31,PHI,RP,58,0,.000,0,0,0,0,0,57.0,4,4,56,3.63,1.211
-9.0068998,Kody Funderburk,30,MIN,RP,61,0,.000,0,0,0,0,0,64.0,6,2,59,3.94,1.266
-9.0070601,Mark Leiter,35,ATH,RP,58,0,.000,0,0,0,0,0,53.0,5,9,60,4.25,1.434
-9.0115643,George Valera,26,CLE,,89,310,.229,11,37,5,39,0,0.0,0,0,0,0.00,0.000
-9.0198727,Johan Oviedo,28,BOS,SP/RP,34,0,.000,0,0,0,0,14,93.0,4,0,90,3.77,1.269
-9.0368843,Hunter Harvey,32,CHC,RP,52,0,.000,0,0,0,0,0,53.0,3,4,48,3.23,1.132
-9.040307,Jordan Leasure,28,CWS,RP,64,0,.000,0,0,0,0,0,62.0,3,7,67,3.92,1.274
-9.073,Jacob Young,27,WSH,OF,83,289,.242,4,30,15,35,0,0.0,0,0,0,0.00,0.000
-9.0767231,Cody Bradford,28,TEX,SP/RP,24,0,.000,0,0,0,0,14,86.0,4,0,76,4.19,1.128
-9.0909367,Romy Gonzalez,30,BOS,1B/2B,71,251,.247,8,35,8,32,0,0.0,0,0,0,0.00,0.000
-9.0937414,Jeremiah Estrada,28,SD,RP,68,0,.000,0,0,0,0,0,67.0,4,4,77,4.03,1.284
-9.1381931,Paul Sewald,36,ARI,RP,56,0,.000,0,0,0,0,0,56.0,2,10,52,4.02,1.196
-9.1411772,Scott Barlow,34,ATH,RP,57,0,.000,0,0,0,0,0,57.0,3,10,59,4.11,1.316
-9.1439686,Pierce Johnson,35,CIN,RP,60,0,.000,0,0,0,0,0,59.0,4,4,61,3.66,1.254
-9.1730719,Hogan Harris,30,ATH,RP,57,0,.000,0,0,0,0,0,65.0,2,12,57,4.02,1.308
-9.1909914,Sean Murphy,32,ATL,C,90,308,.218,13,41,3,37,0,0.0,0,0,0,0.00,0.000
-9.208107,Nathaniel Lowe,31,CIN,1B,115,315,.244,9,41,1,41,0,0.0,0,0,0,0.00,0.000
-9.21945,Max Scherzer,42,TOR,SP,17,0,.000,0,0,0,0,17,86.1,5,0,84,4.38,1.194
-9.243475,Brad Keller,31,PHI,RP,60,0,.000,0,0,0,0,0,65.0,4,6,56,3.74,1.292
-9.2603693,Braxton Garrett,29,MIA,SP/RP,24,0,.000,0,0,0,0,17,99.0,4,0,92,4.45,1.162
-9.2669926,Michael Kelly,34,ATH,RP,60,0,.000,0,0,0,0,0,61.0,5,3,50,3.69,1.230
-9.3002872,Victor Vodnik,27,COL,RP,61,0,.000,0,0,0,0,0,63.0,5,9,58,4.29,1.397
-9.332716,Eduardo Rodriguez,33,ARI,SP,24,0,.000,0,0,0,0,24,135.0,9,0,125,4.60,1.430
-9.3622961,Tyler Wells,32,BAL,SP/RP,35,0,.000,0,0,0,0,11,87.0,3,0,73,3.83,1.138
-9.4389849,Dominic Smith,31,ATL,1B,77,303,.248,8,38,4,37,0,0.0,0,0,0,0.00,0.000
-9.4562397,Danny Jansen,31,TEX,C,91,296,.223,12,38,3,39,0,0.0,0,0,0,0.00,0.000
-9.4584465,Adam Frazier,35,LAA,2B/OF,85,321,.237,8,36,6,40,0,0.0,0,0,0,0.00,0.000
-9.4770555,Brant Hurter,28,DET,RP,47,0,.000,0,0,0,0,0,53.0,4,1,47,3.06,1.151
-9.5097427,Brooks Raley,38,NYM,RP,59,0,.000,0,0,0,0,0,56.0,3,3,50,3.38,1.125
-9.5806332,Jhostynxon Garcia,24,PIT,OF,99,303,.231,10,35,6,37,0,0.0,0,0,0,0.00,0.000
-9.5812855,Kyle Harrison,25,MIL,SP,17,0,.000,0,0,0,0,17,99.0,5,0,95,4.27,1.273
-9.5846624,Hunter Barco,26,PIT,SP/RP,33,0,.000,0,0,0,0,14,100.0,2,0,83,3.69,1.180
-9.6204863,Yoendrys Gomez,27,TB,SP/RP,38,0,.000,0,0,0,0,7,73.0,4,0,67,3.82,1.164
-9.6589699,Max Muncy,24,ATH,2B/3B,91,322,.227,12,38,4,35,0,0.0,0,0,0,0.00,0.000
-9.669487,Steven Matz,35,TB,SP/RP,26,0,.000,0,0,0,0,17,102.0,4,0,82,3.88,1.245
-9.6947126,Brad Lord,26,WSH,SP/RP,36,0,.000,0,0,0,0,22,133.0,5,0,110,4.33,1.293
-9.7252569,Michael Conforto,33,CHC,OF,102,321,.224,11,39,2,42,0,0.0,0,0,0,0.00,0.000
-9.7337084,Caleb Thielbar,39,CHC,RP,65,0,.000,0,0,0,0,0,62.0,3,3,59,3.77,1.145
-9.7424288,Pavin Smith,30,ARI,1B/DH,76,257,.237,10,36,4,35,0,0.0,0,0,0,0.00,0.000
-9.7441607,Javier Baez,34,DET,SS/3B/OF,85,310,.226,8,40,6,37,0,0.0,0,0,0,0.00,0.000
-9.753068,Miguel Amaya,27,CHC,C,78,266,.237,9,39,4,34,0,0.0,0,0,0,0.00,0.000
-9.7831774,Hunter Dobbins,27,STL,SP/RP,27,0,.000,0,0,0,0,15,94.0,5,0,73,3.93,1.255
-9.7922592,Bryan Baker,32,TB,RP,64,0,.000,0,0,0,0,0,64.0,3,4,61,3.94,1.172
-9.8369446,Greg Weissert,31,BOS,RP,66,0,.000,0,0,0,0,0,65.0,3,4,58,3.46,1.246
-9.8613424,Calvin Faucher,31,MIA,RP,65,0,.000,0,0,0,0,0,65.0,3,8,61,4.02,1.308
-9.8991814,Sean Burke,27,CWS,SP,27,0,.000,0,0,0,0,27,145.0,8,0,147,4.53,1.469
-9.9418993,Erik Sabrowski,29,CLE,RP,61,0,.000,0,0,0,0,0,61.0,2,3,59,3.39,1.148
-9.9505701,Ty France,32,SD,1B,92,362,.246,8,40,1,41,0,0.0,0,0,0,0.00,0.000
-9.9953108,Ryan Thompson,34,ARI,RP,53,0,.000,0,0,0,0,0,51.0,3,8,43,3.71,1.255
-10.003611,Bennett Sousa,31,HOU,RP,48,0,.000,0,0,0,0,0,50.0,3,4,47,3.60,1.120
-10.007099,Christopher Morel,27,MIA,OF,74,261,.226,12,33,5,34,0,0.0,0,0,0,0.00,0.000
-10.008546,Austin Martin,27,MIN,OF,81,279,.247,7,27,9,38,0,0.0,0,0,0,0.00,0.000
-10.064334,Jose Butto,28,SF,RP,61,0,.000,0,0,0,0,1,69.0,4,1,62,3.52,1.246
-10.132451,JJ Bleday,29,CIN,OF,83,294,.221,11,34,4,41,0,0.0,0,0,0,0.00,0.000
-10.147195,Nathan Lukes,32,TOR,OF,84,286,.241,7,36,4,40,0,0.0,0,0,0,0.00,0.000
-10.147832,Carlos Narvaez,28,BOS,C,105,356,.236,10,35,5,36,0,0.0,0,0,0,0.00,0.000
-10.171679,Davis Martin,29,CWS,SP,26,0,.000,0,0,0,0,26,148.0,5,0,121,4.14,1.365
-10.275913,Tanner Banks,35,PHI,RP,60,0,.000,0,0,0,0,0,62.0,3,2,55,3.63,1.145
-10.300432,Jose Ferrer,26,SEA,RP,66,0,.000,0,0,0,0,0,66.0,4,3,56,3.95,1.212
-10.343257,Cole Henry,27,WSH,RP,66,0,.000,0,0,0,0,0,64.0,2,10,59,4.08,1.313
-10.392392,Braydon Fisher,26,TOR,RP,51,0,.000,0,0,0,0,0,51.0,3,0,53,3.18,1.098
-10.47391,Miles Mikolas,38,WSH,SP,31,0,.000,0,0,0,0,31,166.0,9,0,111,4.99,1.301
-10.484696,Jesse Winker,33,FA,DH,83,291,.230,8,37,5,36,0,0.0,0,0,0,0.00,0.000
-10.517251,Elvis Alvarado,27,ATH,RP,58,0,.000,0,0,0,0,0,60.0,3,4,59,3.60,1.267
-10.526453,Eduard Bazardo,31,SEA,RP,64,0,.000,0,0,0,0,0,65.0,3,1,61,3.88,1.123
-10.530776,Jakob Junis,34,TEX,RP,58,0,.000,0,0,0,0,0,64.0,3,0,55,3.38,1.141
-10.580648,Michael Massey,28,KC,2B,81,303,.241,9,35,4,34,0,0.0,0,0,0,0.00,0.000
-10.586164,Fernando Cruz,36,NYY,RP,61,0,.000,0,0,0,0,0,60.0,3,3,76,4.20,1.233
-10.600642,Isiah Kiner-Falefa,31,BOS,SS/3B,77,298,.252,5,30,9,34,0,0.0,0,0,0,0.00,0.000
-10.659395,Ryan Zeferjahn,28,LAA,RP,64,0,.000,0,0,0,0,0,64.0,3,2,62,3.80,1.188
-10.692368,Ben Joyce,26,LAA,RP,33,0,.000,0,0,0,0,0,35.0,2,12,28,4.11,1.200
-10.874037,Oswald Peraza,26,LAA,3B,87,295,.217,10,33,6,37,0,0.0,0,0,0,0.00,0.000
-10.888663,Tomoyuki Sugano,37,COL,SP,23,0,.000,0,0,0,0,23,127.0,8,0,86,4.61,1.331
-10.941444,Kyle Higashioka,36,TEX,C/DH,75,253,.233,10,35,4,30,0,0.0,0,0,0,0.00,0.000
-10.971254,Kevin McGonigle,22,DET,SS,69,254,.252,7,31,5,34,0,0.0,0,0,0,0.00,0.000
-10.986288,Andrew Alvarez,27,WSH,SP/RP,36,0,.000,0,0,0,0,11,89.0,1,0,75,3.54,1.169
-11.012136,Gregory Soto,31,PIT,RP,64,0,.000,0,0,0,0,0,61.0,2,8,62,4.13,1.295
-11.033187,Isaac Collins,29,KC,OF,102,332,.217,7,34,10,35,0,0.0,0,0,0,0.00,0.000
-11.104259,Yimi Garcia,36,TOR,RP,58,0,.000,0,0,0,0,0,57.0,2,4,55,3.79,1.158
-11.163177,Kade Strowd,29,ARI,RP,55,0,.000,0,0,0,0,0,54.0,3,3,46,3.33,1.222
-11.216173,Jimmy Herget,33,COL,RP,66,0,.000,0,0,0,0,2,78.0,3,0,72,3.69,1.244
-11.22942,Daniel Lynch,30,KC,RP,54,0,.000,0,0,0,0,0,58.0,4,1,45,3.57,1.190
-11.253754,Casey Schmitt,27,SF,2B/3B,75,272,.235,10,34,3,32,0,0.0,0,0,0,0.00,0.000
-11.291846,Andrew McCutchen,40,TEX,DH,73,270,.241,9,32,3,35,0,0.0,0,0,0,0.00,0.000
-11.294603,Brusdar Graterol,28,LAD,RP,49,0,.000,0,0,0,0,0,48.0,3,1,40,3.38,1.063
-11.342437,Gabe Speier,31,SEA,RP,62,0,.000,0,0,0,0,0,58.0,2,2,61,3.88,1.121
-11.350326,Danny Coulombe,37,BOS,RP,50,0,.000,0,0,0,0,0,50.0,2,2,46,3.24,1.100
-11.365114,Troy Johnston,29,COL,OF,74,259,.243,8,30,6,31,0,0.0,0,0,0,0.00,0.000
-11.375869,Pedro Pages,28,STL,C,87,292,.233,9,36,3,33,0,0.0,0,0,0,0.00,0.000
-11.419354,Joey Bart,30,PIT,C,86,296,.240,8,35,3,34,0,0.0,0,0,0,0.00,0.000
-11.429793,Michael Soroka,29,ARI,SP,22,0,.000,0,0,0,0,22,135.0,3,0,131,4.67,1.274
-11.432298,John Schreiber,32,KC,RP,66,0,.000,0,0,0,0,0,63.0,3,3,58,3.86,1.238
-11.440888,Keegan Akin,31,BAL,RP,65,0,.000,0,0,0,0,0,65.0,3,4,63,4.02,1.277
-11.448635,Matthew Liberatore,27,STL,SP,27,0,.000,0,0,0,0,27,146.0,5,0,118,4.50,1.329
-11.481376,Cade Gibson,28,MIA,RP,59,0,.000,0,0,0,0,0,61.0,3,0,49,3.25,1.180
-11.50707,Blake Treinen,38,LAD,RP,62,0,.000,0,0,0,0,0,60.0,4,2,59,3.90,1.283
-11.515445,Enrique Hernandez,35,LAD,1B/3B/OF,77,277,.224,9,36,3,35,0,0.0,0,0,0,0.00,0.000
-11.518559,Slade Cecconi,27,CLE,SP,26,0,.000,0,0,0,0,26,146.0,5,0,119,4.93,1.253
-11.590199,Joe Boyle,27,TB,SP/RP,25,0,.000,0,0,0,0,16,94.0,3,0,87,4.12,1.255
-11.62026,Cole Young,23,SEA,2B,95,324,.222,8,36,4,38,0,0.0,0,0,0,0.00,0.000
-11.631769,Amed Rosario,31,NYY,3B,70,262,.256,6,30,6,30,0,0.0,0,0,0,0.00,0.000
-11.652116,Louis Varland,29,TOR,RP,62,0,.000,0,0,0,0,0,67.0,5,3,63,4.57,1.299
-11.699405,Adrian Del Castillo,27,ARI,DH,69,241,.245,8,32,4,30,0,0.0,0,0,0,0.00,0.000
-11.728365,PJ Poulin,30,WSH,RP,60,0,.000,0,0,0,0,0,59.0,3,4,53,3.81,1.271
-11.729105,Colby Thomas,25,ATH,OF,69,241,.232,8,31,5,33,0,0.0,0,0,0,0.00,0.000
-11.743116,Hoby Milner,35,CHC,RP,61,0,.000,0,0,0,0,0,61.0,3,1,53,3.69,1.180
-11.768106,Adrian Houser,33,SF,SP,25,0,.000,0,0,0,0,25,139.0,6,0,103,4.27,1.381
-11.782333,Dylan Moore,34,PHI,2B/OF,63,219,.219,8,26,10,30,0,0.0,0,0,0,0.00,0.000
-11.800583,Jack Dreyer,27,LAD,RP,40,0,.000,0,0,0,0,0,42.0,2,2,39,3.00,1.071
-11.813678,Brennan Bernardino,34,COL,RP,58,0,.000,0,0,0,0,0,57.0,3,3,52,3.63,1.263
-11.846261,Drew Gilbert,26,SF,OF,85,278,.223,8,33,5,35,0,0.0,0,0,0,0.00,0.000
-11.851667,Taj Bradley,25,MIN,SP/RP,32,0,.000,0,0,0,0,17,108.0,5,0,113,4.92,1.306
-11.877267,Edgar Quero,23,CWS,C/DH,92,323,.260,6,34,2,32,0,0.0,0,0,0,0.00,0.000
-11.881047,Juan Mejia,26,COL,RP,63,0,.000,0,0,0,0,0,64.0,2,4,64,3.94,1.250
-11.882583,Jonny DeLuca,28,TB,OF,67,240,.246,6,27,9,28,0,0.0,0,0,0,0.00,0.000
-11.93407,Yoan Moncada,31,LAA,3B,75,267,.243,8,29,4,34,0,0.0,0,0,0,0.00,0.000
-11.98466,Richard Fitts,27,STL,SP/RP,31,0,.000,0,0,0,0,16,102.0,2,0,80,3.88,1.235
-11.995769,Randal Grichuk,35,NYY,OF/DH,62,244,.246,9,30,2,33,0,0.0,0,0,0,0.00,0.000
-12.019346,Justin Lawrence,32,PIT,RP,58,0,.000,0,0,0,0,0,59.0,3,2,55,3.66,1.254
-12.022722,Kody Clemens,30,MIN,1B/2B/OF,68,248,.226,10,31,4,31,0,0.0,0,0,0,0.00,0.000
-12.040486,Randy Vasquez,28,SD,SP,26,0,.000,0,0,0,0,26,139.0,6,0,93,4.27,1.360
-12.093716,Steven Okert,35,HOU,RP,62,0,.000,0,0,0,0,0,62.0,3,1,62,4.06,1.194
-12.119921,Luis Matos,24,SF,OF,69,260,.231,8,31,5,32,0,0.0,0,0,0,0.00,0.000
-12.198461,Gary Sanchez,34,MIL,C,65,228,.228,9,34,3,29,0,0.0,0,0,0,0.00,0.000
-12.247399,Tommy Kahnle,37,BOS,RP,67,0,.000,0,0,0,0,0,67.0,1,2,61,3.49,1.194
-12.250692,Will Benson,28,CIN,OF,63,212,.226,9,28,6,29,0,0.0,0,0,0,0.00,0.000
-12.26092,Hurston Waldrep,24,ATL,SP,15,0,.000,0,0,0,0,15,87.0,5,0,69,4.24,1.299
-12.296301,Cole Winn,27,TEX,RP,59,0,.000,0,0,0,0,0,64.0,2,3,53,3.94,1.172
-12.330332,Luis Campusano,28,SD,,88,300,.213,8,34,5,36,0,0.0,0,0,0,0.00,0.000
-12.44703,Wandy Peralta,35,SD,RP,60,0,.000,0,0,0,0,0,59.0,3,2,48,3.66,1.237
-12.468123,Graham Ashcraft,28,CIN,RP,56,0,.000,0,0,0,0,1,63.0,6,3,52,4.43,1.397
-12.492193,Everson Pereira,25,CWS,OF,72,259,.220,8,31,6,31,0,0.0,0,0,0,0.00,0.000
-12.510434,Jacob Webb,33,CHC,RP,50,0,.000,0,0,0,0,0,50.0,3,1,46,3.60,1.180
-12.51695,Brendon Little,30,TOR,RP,55,0,.000,0,0,0,0,0,53.0,3,2,52,3.57,1.283
-12.534236,Andrew Painter,23,PHI,SP/RP,27,0,.000,0,0,0,0,19,108.0,6,0,95,4.50,1.389
-12.587398,Erik Miller,28,SF,RP,63,0,.000,0,0,0,0,0,61.0,3,0,55,3.25,1.295
-12.600323,Rob Refsnyder,35,SEA,OF/DH,64,217,.249,7,29,4,29,0,0.0,0,0,0,0.00,0.000
-12.600403,Sean Newcomb,33,CWS,SP/RP,46,0,.000,0,0,0,0,9,89.0,3,0,77,3.94,1.292
-12.614751,David Morgan,27,SD,RP,62,0,.000,0,0,0,0,0,63.0,2,0,58,3.43,1.206
-12.632612,Andres Chaparro,27,WSH,1B,78,265,.226,8,30,5,32,0,0.0,0,0,0,0.00,0.000
-12.64738,Alek Manoah,28,LAA,SP,18,0,.000,0,0,0,0,18,98.0,3,0,90,4.32,1.276
-12.672913,Griffin Canning,30,SD,SP,15,0,.000,0,0,0,0,15,85.0,5,0,77,4.34,1.341
-12.69125,Lake Bachar,31,MIA,RP,54,0,.000,0,0,0,0,0,55.0,3,3,52,3.93,1.273
-12.696205,Mason Montgomery,26,PIT,RP,59,0,.000,0,0,0,0,0,60.0,2,2,62,3.75,1.250
-12.713385,Kumar Rocker,27,TEX,SP,22,0,.000,0,0,0,0,22,118.0,3,0,106,4.35,1.314
-12.728931,Thomas Saggese,24,STL,2B/SS,80,296,.230,7,31,5,33,0,0.0,0,0,0,0.00,0.000
-12.735775,Spencer Bivens,32,SF,RP,62,0,.000,0,0,0,0,0,68.0,3,1,53,3.71,1.250
-12.737597,Julian Fernandez,31,WSH,RP,61,0,.000,0,0,0,0,0,61.0,3,1,51,3.98,1.180
-12.738532,Chris Taylor,36,FA,OF,69,254,.220,7,30,6,33,0,0.0,0,0,0,0.00,0.000
-12.744603,Harry Ford,23,WSH,C,107,239,.234,8,29,4,31,0,0.0,0,0,0,0.00,0.000
-12.746338,Matt Festa,33,CLE,RP,59,0,.000,0,0,0,0,0,59.0,3,2,55,4.12,1.220
-12.823215,Ryne Stanek,35,STL,RP,55,0,.000,0,0,0,0,0,55.0,4,3,56,4.42,1.309
-12.92081,Eric Lauer,31,TOR,RP,41,0,.000,0,0,0,0,4,62.0,5,0,58,4.35,1.290
-12.952682,Colt Emerson,21,SEA,SS,78,288,.233,6,30,5,34,0,0.0,0,0,0,0.00,0.000
-12.975217,Jorge Mateo,31,ATL,SS,61,205,.224,6,21,12,27,0,0.0,0,0,0,0.00,0.000
-12.980673,Adbert Alzolay,31,NYM,RP,61,0,.000,0,0,0,0,0,59.0,3,1,50,3.81,1.220
-12.993283,Tyler Phillips,29,MIA,RP,62,0,.000,0,0,0,0,0,69.0,3,3,52,4.30,1.217
-12.999431,Yennier Cano,32,BAL,RP,52,0,.000,0,0,0,0,0,50.0,3,3,46,3.78,1.280
-13.050724,Ben Williamson,26,TB,3B,76,277,.242,5,27,5,36,0,0.0,0,0,0,0.00,0.000
-13.052309,Ezequiel Duran,27,TEX,1B/SS,76,264,.239,6,27,7,29,0,0.0,0,0,0,0.00,0.000
-13.065645,Max Meyer,27,MIA,SP/RP,28,0,.000,0,0,0,0,21,124.0,4,0,111,4.65,1.323
-13.069398,Keibert Ruiz,28,WSH,C,82,296,.236,7,35,2,30,0,0.0,0,0,0,0.00,0.000
-13.074018,Adael Amador,23,COL,2B,80,274,.223,8,29,6,30,0,0.0,0,0,0,0.00,0.000
-13.165297,Mauricio Dubon,32,ATL,2B/SS/3B/OF,71,257,.253,5,27,4,33,0,0.0,0,0,0,0.00,0.000
-13.19001,A.J. Puk,31,ARI,RP,28,0,.000,0,0,0,0,0,29.0,2,6,30,3.72,1.172
-13.198186,Ramon Urias,32,STL,2B/3B,65,239,.243,7,30,3,29,0,0.0,0,0,0,0.00,0.000
-13.255608,Corbin Burnes,32,ARI,SP,7,0,.000,0,0,0,0,7,39.0,2,0,37,2.77,1.103
-13.302894,Chris Paddack,30,MIA,SP,25,0,.000,0,0,0,0,25,135.0,5,0,129,5.13,1.319
-13.308183,Jalen Beeks,33,TEX,RP,51,0,.000,0,0,0,0,0,51.0,4,2,44,4.24,1.255
-13.308478,Nick Mears,30,KC,RP,60,0,.000,0,0,0,0,0,59.0,3,1,55,4.12,1.220
-13.329664,Oswaldo Cabrera,27,NYY,3B,68,241,.237,7,27,4,32,0,0.0,0,0,0,0.00,0.000
-13.36606,Luisangel Acuna,24,CWS,2B,62,203,.241,7,22,7,28,0,0.0,0,0,0,0.00,0.000
-13.375079,Logan Allen,28,CLE,SP/RP,26,0,.000,0,0,0,0,21,119.0,7,0,98,4.54,1.445
-13.401969,Drey Jameson,29,ARI,RP,55,0,.000,0,0,0,0,0,55.0,3,4,42,3.76,1.327
-13.405466,Huascar Brazoban,37,NYM,RP,54,0,.000,0,0,0,0,0,56.0,2,2,51,3.70,1.232
-13.447325,Cole Sulser,36,TB,RP,48,0,.000,0,0,0,0,0,51.0,3,1,43,3.71,1.216
-13.485291,Joel Peguero,29,SF,RP,64,0,.000,0,0,0,0,0,65.0,1,0,53,3.46,1.154
-13.544485,Dietrich Enns,35,BAL,RP,51,0,.000,0,0,0,0,0,59.0,3,2,55,3.97,1.305
-13.597551,Martin Perez,35,ATL,SP,18,0,.000,0,0,0,0,18,101.0,3,0,76,4.10,1.297
-13.609813,Matt Vierling,30,DET,OF,65,235,.243,6,27,5,28,0,0.0,0,0,0,0.00,0.000
-13.617651,Tommy Nance,35,TOR,RP,57,0,.000,0,0,0,0,0,57.0,2,0,48,3.63,1.158
-13.685331,Jeremiah Jackson,26,BAL,OF,61,230,.248,7,27,3,28,0,0.0,0,0,0,0.00,0.000
-13.688842,Grant Taylor,24,CWS,RP,66,0,.000,0,0,0,0,2,73.0,2,3,78,4.32,1.329
-13.68969,Ryan Brasier,39,TEX,RP,51,0,.000,0,0,0,0,0,51.0,3,0,43,3.88,1.157
-13.746337,Tyler Anderson,37,FA,SP,28,0,.000,0,0,0,0,27,151.2,5,0,119,4.52,1.389
-13.798136,Dane Myers,30,CIN,OF,67,226,.235,5,29,5,29,0,0.0,0,0,0,0.00,0.000
-13.828296,Kyle Hendricks,37,FA,SP,29,0,.000,0,0,0,0,27,147.0,6,0,100,4.87,1.313
-13.895289,Andrew Nardi,28,MIA,RP,51,0,.000,0,0,0,0,0,49.0,2,2,54,4.04,1.224
-13.933413,Brock Burke,30,CIN,RP,64,0,.000,0,0,0,0,0,63.0,3,1,57,4.14,1.270
-13.94866,Nick Fortes,30,TB,C,88,276,.228,7,29,4,30,0,0.0,0,0,0,0.00,0.000
-13.949205,Carmen Mlodzinski,27,PIT,SP/RP,33,0,.000,0,0,0,0,8,68.0,1,0,60,3.44,1.235
-13.956721,Aaron Bummer,33,ATL,RP,60,0,.000,0,0,0,0,0,60.0,3,1,60,4.20,1.283
-14.000413,Anthony Banda,33,MIN,RP,56,0,.000,0,0,0,0,0,56.0,2,4,49,4.02,1.286
-14.015047,Tyler Locklear,26,ARI,1B,67,237,.224,8,26,5,28,0,0.0,0,0,0,0.00,0.000
-14.057518,Lance McCullers,33,HOU,SP/RP,25,0,.000,0,0,0,0,17,96.0,5,0,98,4.88,1.375
-14.061265,Masataka Yoshida,33,BOS,DH,55,200,.260,5,27,4,24,0,0.0,0,0,0,0.00,0.000
-14.072641,Kyle Karros,24,COL,3B,74,263,.228,6,27,4,34,0,0.0,0,0,0,0.00,0.000
-14.074597,Konnor Pilkington,29,DET,RP,56,0,.000,0,0,0,0,0,58.0,2,0,50,3.72,1.190
-14.075727,Tim Hill,36,NYY,RP,66,0,.000,0,0,0,0,0,66.0,3,2,43,3.82,1.288
-14.101696,Hunter Feduccia,29,TB,C,72,224,.228,7,26,5,28,0,0.0,0,0,0,0.00,0.000
-14.160039,Robert Hassell,25,WSH,OF,68,239,.230,7,25,5,29,0,0.0,0,0,0,0.00,0.000
-14.237433,Brent Suter,37,LAA,RP,65,0,.000,0,0,0,0,0,65.0,2,1,52,3.88,1.231
-14.249795,Andrew Heaney,35,FA,SP,22,0,.000,0,0,0,0,22,116.0,4,0,101,4.73,1.328
-14.310979,Andrew Chafin,36,FA,RP,48,0,.000,0,0,0,0,0,48.0,2,2,47,3.56,1.292
-14.323567,Sam Hentges,30,SF,RP,53,0,.000,0,0,0,0,0,51.0,2,0,47,3.71,1.176
-14.325136,Spencer Arrighetti,26,HOU,SP/RP,26,0,.000,0,0,0,0,15,91.0,4,0,87,4.65,1.341
-14.330015,Tobias Myers,28,NYM,SP/RP,27,0,.000,0,0,0,0,7,59.0,2,0,49,3.36,1.271
-14.332707,Nick Sogard,29,BOS,1B,59,210,.238,6,24,5,28,0,0.0,0,0,0,0.00,0.000
-14.345226,Max Kepler,33,FA,OF,65,236,.229,9,26,2,29,0,0.0,0,0,0,0.00,0.000
-14.352237,Blake Perkins,30,MIL,OF,61,215,.228,5,25,6,30,0,0.0,0,0,0,0.00,0.000
-14.375641,Tyler Kinley,35,ATL,RP,62,0,.000,0,0,0,0,0,61.0,3,3,59,4.57,1.311
-14.397595,Trevor McDonald,25,SF,SP/RP,20,0,.000,0,0,0,0,9,60.0,1,0,49,3.60,1.150
-14.410019,Jon Berti,36,FA,3B,58,207,.237,5,21,8,27,0,0.0,0,0,0,0.00,0.000
-14.411748,Tim Herrin,30,CLE,RP,54,0,.000,0,0,0,0,0,52.0,3,1,49,3.98,1.288
-14.440188,Joe Jimenez,31,ATL,RP,40,0,.000,0,0,0,0,0,40.0,1,0,43,3.15,1.100
-14.448003,Otto Kemp,27,PHI,3B,58,203,.232,7,26,4,26,0,0.0,0,0,0,0.00,0.000
-14.472169,Rob Zastryzny,34,MIL,RP,47,0,.000,0,0,0,0,0,45.0,3,0,37,3.80,1.178
-14.496929,Mitch Garver,35,SEA,C/DH,64,218,.220,9,28,2,27,0,0.0,0,0,0,0.00,0.000
-14.515969,Enyel De Los Santos,31,HOU,RP,59,0,.000,0,0,0,0,0,60.0,3,0,55,4.20,1.250
-14.531846,Jackson Rutledge,27,WSH,RP,52,0,.000,0,0,0,0,0,57.0,3,2,48,4.42,1.246
-14.568151,Tyler Ferguson,33,ATH,RP,38,0,.000,0,0,0,0,0,40.0,2,2,38,3.83,1.175
-14.591752,Jose Trevino,34,CIN,C,72,244,.230,7,27,3,29,0,0.0,0,0,0,0.00,0.000
-14.615146,Taylor Clarke,33,ARI,RP,57,0,.000,0,0,0,0,0,59.0,2,0,52,4.12,1.169
-14.620061,Carlos Vargas,27,SEA,RP,62,0,.000,0,0,0,0,0,62.0,4,1,55,4.21,1.371
-14.633846,Bradgley Rodriguez,23,SD,RP,40,0,.000,0,0,0,0,0,42.0,3,0,36,3.86,1.167
-14.650537,Ryan Yarbrough,35,NYY,RP,46,0,.000,0,0,0,0,3,65.0,1,1,50,3.88,1.169
-14.673395,Jonah Heim,31,ATL,C/DH,72,245,.220,8,30,1,30,0,0.0,0,0,0,0.00,0.000
-14.677653,DL Hall,28,MIL,RP,47,0,.000,0,0,0,0,1,54.0,2,1,46,3.83,1.222
-14.706204,Edmundo Sosa,30,PHI,2B/3B,54,191,.246,7,24,3,25,0,0.0,0,0,0,0.00,0.000
-14.754949,Andre Pallante,28,STL,SP,27,0,.000,0,0,0,0,25,138.0,7,0,96,4.63,1.428
-14.757321,Steven Wilson,32,TB,RP,50,0,.000,0,0,0,0,0,50.0,2,2,45,3.96,1.240
-14.76084,Marcus Stroman,35,FA,SP,27,0,.000,0,0,0,0,27,145.0,9,0,106,5.03,1.441
-14.774535,Yuki Matsui,31,SD,RP,53,0,.000,0,0,0,0,0,53.0,2,1,50,3.91,1.245
-14.864666,Jaden Hill,27,COL,RP,52,0,.000,0,0,0,0,0,53.0,2,1,44,3.91,1.208
-14.901697,Michael Kopech,30,FA,RP,47,0,.000,0,0,0,0,0,47.0,3,1,47,3.64,1.383
-14.915193,Gordon Graceffo,26,STL,RP,53,0,.000,0,0,0,0,0,60.0,3,0,50,4.35,1.217
-14.924191,Luis Garcia,39,NYM,RP,48,0,.000,0,0,0,0,0,49.0,3,2,41,4.04,1.306
-14.927804,Javier Assad,29,CHC,RP,43,0,.000,0,0,0,0,3,63.0,2,0,48,3.57,1.270
-14.930147,Sung-Mun Song,30,SD,3B,55,214,.248,5,24,5,24,0,0.0,0,0,0,0.00,0.000
-14.935431,Brady Basso,29,ATH,RP,52,0,.000,0,0,0,0,0,55.0,2,0,45,3.60,1.236
-14.945339,Charlie Condon,23,COL,1B,53,192,.245,7,25,2,25,0,0.0,0,0,0,0.00,0.000
-14.972219,Ian Hamilton,31,ATL,RP,48,0,.000,0,0,0,0,0,49.0,2,0,46,3.67,1.224
-15.004323,Joe Mack,24,MIA,C,70,245,.216,8,28,3,27,0,0.0,0,0,0,0.00,0.000
-15.019311,Cody Laweryson,28,MIN,RP,39,0,.000,0,0,0,0,0,43.0,2,0,35,3.56,1.140
-15.039615,David Fry,31,CLE,DH,59,199,.221,7,26,4,25,0,0.0,0,0,0,0.00,0.000
-15.053277,Colin Selby,29,BAL,RP,57,0,.000,0,0,0,0,0,58.0,2,0,49,3.88,1.224
-15.065826,Sam Haggerty,32,TEX,OF,60,204,.225,6,22,6,27,0,0.0,0,0,0,0.00,0.000
-15.076912,Sawyer Gipson-Long,29,DET,RP,34,0,.000,0,0,0,0,4,56.0,3,0,49,4.50,1.196
-15.076933,Matt Gage,33,SF,RP,54,0,.000,0,0,0,0,0,54.0,2,0,46,3.67,1.241
-15.119609,Chase Silseth,26,LAA,RP,48,0,.000,0,0,0,0,0,52.0,2,0,48,3.81,1.231
-15.157,Austin Warren,30,NYM,RP,36,0,.000,0,0,0,0,0,38.0,3,0,32,3.79,1.184
-15.192533,Dom Hamel,27,NYY,RP,48,0,.000,0,0,0,0,4,70.0,1,0,58,3.99,1.200
-15.207258,Brent Headrick,29,NYY,RP,40,0,.000,0,0,0,0,0,42.0,2,1,39,3.86,1.190
-15.208473,Brenan Hanifee,28,DET,RP,53,0,.000,0,0,0,0,0,55.0,2,1,43,3.76,1.255
-15.240484,Thomas White,22,MIA,SP,9,0,.000,0,0,0,0,9,53.0,3,0,53,4.08,1.321
-15.244561,Angel Perdomo,32,LAA,RP,46,0,.000,0,0,0,0,0,49.0,3,0,41,4.22,1.204
-15.25758,Steven Cruz,27,KC,RP,41,0,.000,0,0,0,0,0,42.0,2,0,35,3.64,1.143
-15.314272,Ryan Bergert,26,KC,SP/RP,27,0,.000,0,0,0,0,9,63.0,1,0,58,3.71,1.254